no ,id_topeng ,nama_topeng,tahun ,lokasi ,alamat lengkap,deskripsi,latitude,longitude ,Image 
1,TP001,"Anggada, Hanggada",1930,"Museum Sonobudoyo, Yogyakarta",,"Despite the death of his father Subali at the hands of his uncle, Sugriwa, who succeeds him as the king of the monkeys, Anggada holds no grudge. Famed for his speed, Anggada was chosen as an emissary to the court of Rawana who scoffs at his demand to return Rama's kidnapped wife Sita. Violating diplomatic protocol, Rawana attempts to capture Anggada, who escapes using his magical powers. He would later prove his strength on the battlefield.",-7.802257,110.359438,TP001.jpg
2,TP002,"Anikumba, Raksasa Anikumba, Son of Kumbakarna",1930,"Museum Bali, Denpasar","Jl. Mayor Wisnu No.1, Dangin Puri, Kec. Denpasar Tim., Kota Denpasar, Bali 80232","Anikumba and Akumba are the two sons of Rawana's youngest brother, the mighty Kumbakarna. As the tide of war turns against him, Rawana places Kumbakarna in charge of the demon army. Together with his sons, he leads his warriors onto to the battlefield. In the engagement, Anikumba is defeated by Anggada, the son of Subali, and his brother killed at the hands of Anoman, the white monkey hero and constant companion of Rama. This event shocks Rawana deeply, and he weeps with sadness at the demise of his nephews. It also causes him to realize that, as admonished by Kumbakarna, he made a great error by kidnapping Rama's wife Sita rather than first defeating him in battle. Like his father, Anikumba has big eyes, a large open mouth surround-ed by a curly beard, and a small chin and forehead.",-8.657398,115.218579,TP002.jpg
3,TP003,"Anoman, The White Monkey",1930,"Museum Sonobudoyo, Yogyakarta",,"Despite his fierce expression and mouth full of sharp fangs and teeth, as Rama's most devoted disciple, Anoman, the white monkey, is one of the most beloved heroes of the Ramayana. Unlike many of his monkey brethren, who often forgot their promises for more pleasurable pastimes, Anoman was the embodiment of selfless courage, loyalty and resourcefulness. This mask, which was collected by the Java Institute, is a pristine example of the sumptuous Wayang Wong troupes sponsored by the mightiest and wealthiest raja of Bali. Multi-hued and incredibly detailed, seen in the miniscule treatment of the hair, in his ears, nose and bird, Anoman's wears large golden earrings incrusted with rubies and sapphires and a matching crown embossed with pearls and rondels above his eyes. His spiritual prowress is signified by the arches on his forehead.",-7.802257,110.359438,TP003.jpg
4,TP004,"Arya Adikara, Haryo Adikara, Raden Adikara, Syuradikar",1800,"Collection Nationaal Museum van Wereldculturen, Leiden",,"Mislabeled in the museum notes as Patih Siredikare, this robust orange-skinned man with an upturned mustache is most probably Arya Adikara, the sixth regent (Bupati) of Tuban, Java, who ruled from 1349 until 1401. He was appointed to the role because he was a descendant of Ranggalawe, the first Bupati of Tuban. Although Ranggalawe rebelled against Raden Wijaya because of a misunderstanding and was tragically killed as a result, the king still allowed his descendants to continue ruling after him.",52.164104,4.483984,TP004.jpg
5,TP005,"Arya Pengalasan, general Arya Pengalasan",1920,"Museum Sonobudoyo, Yogyakarta",,"Arya Pengalasan was one of the main military commanders during the Majapahit invasion of Bali in 1343. Said to be a descendent of the legendary, Raja Airlangga, the half-Balinese, half-Javanese king who reunited Java in the 12th century, Arya's expression is fierce, almost demonic, a feeling that is enhanced by the unusual purple-blue color of his complexion. The yellow lines and white hair indicate that he is not young. Until today there is special offering place (merajan) in Pura Agung Pusat Temple in Bedulu dedicated to this military leader where he is worshipped by his descendents.",-7.802257,110.359438,TP005.jpg
6,TP006,"Arya Wiraja, banyak wide",1920,"Museum Sonobudoyo, Yogyakarta",,"A noble in the court of the Singosari Kingdom, Arya Wiraraja felt slighted when his overlord, Kertanegara appointed his father as governor of Sumenep, a royal seat on the island of Madura, located off the coast of northeast Java. In his eyes Sumenep was an undeserving backwater, Festering in his anger, he eventually joined forces with another disgruntled governor, Jayakatwang, and rose up in rebellion against Kertanegara, who they murdered, marking the end of Singosari. Their victory was shortlived for they would both soon be vanquished by the allied forces of Raden Wijaya, the son in law of Kertanegara and the invading Chinese forces of Kublai Khan, the emperor of China, in 1292, who consequently returned to China after hearing of Kublai Khan's death. The story also mirrors that of Ranggalawe in the early Majapahit court which followed.",-7.802257,110.359438,TP006.jpg
7,TP007,"Asu, Wild Dog",-,"Private Collection, Bali ",,"In traditional Balinese society, dogs served an important service as guardians and warning systems who would howl, bark, growl and even lunge at unknown humans and animals who wandered into their territory. Despite this they were rarely pampered but rather tolerated. Their reputation as low and nasty beasts is seen in this mask. With small pointed ears held back against the side of the head, intense beady eyes and a pointy snout exposing his teeth, this mask with its lacquer-like patina is a brilliant portrait of this ubiquitous human companion.",-8.409518,115.188916,TP007.jpg
8,TP008,Barong ket with Deer Antlers,1938,"Collection Nationaal Museum van Wereldculturen, Leiden",,"The Barong Ket is closely associated with Pasupati, an incarnation of the high god Siwa. While loosely based on the lion, Barong are complex mythological creatures that incorporate characteristics of other wild beasts as well. In this case, two deer antlers rise up on either side of the golden flame at the center of the crown (urna, cudamani). The crown itself can be likened to the third eye of the high god Siwa, with whom deer are likewise associated. While the use of deer antlers in Barong is known, it is rare and may indicate a special type of Barong. This mask was published in Bali: Art, Ritual Performance (2011), where it is said to possibly be the creation of I Gusti Made Gede, a famed 19th century mask-maker from Puri Gerenceng, a major center of mask-making for generations.",52.164104,4.483984,TP008.jpg
9,TP009,Banaspati Raja,-,"Collection Nationaal Museum van Wereldculturen, Leiden",,"This is a rare example of a turn-of-the-century Barong mask from Kintamani, a large village located on the western side of Lake Batur, which lies within a giant volcanic crater. As the mountain people who inhabit the fertile highlands, the mask is vigorous and lively. Kintamani is located in Bangli, Bali's only landlocked regency. Overlooking Lake Batur, considered the source of all waters on the island, it is on one of the main routes connecting Singaraja, the capital of North Bali, to South Bali.",52.164104,4.483984,TP009.jpg
10,TP010,Barong ket,1931,"Museum Bali, Denpasar",,"This is a classic example of an early crowned Banaspati Raja from the Badung Regency of South Bali. Rectangular in form, the facial features are balanced and proportional, giving it a stately presence. Despite its demonic attributes, enormous eyes, animal snout, wide mouth and fangs, the mask is majestic and graceful, demonstrating the Barong's ultimate role as a protective icon. It was donated to Museum Bali by Dirk Hannema in 1931 when he was working with the Kunstkring (Art Circle) in Batavia. Later he was appointed director of Museum Boijmans Van Beuningen in Rotterdam.",-8.657398,115.218579,TP010.jpg
11,TP011,barong ket,1930,"Museum Sonobudoyo, Yogyakarta",,"Without its elaborate cutout crown and other gear, Barong Ket masks are compact and intense. Flanked by large eyes with flaming eyebrows, the nose pushes forward to the edge of the upper lip. Like a wild beast the nostril holes are flared. Both the ending of the nose and toothy mouth with four fangs are flat with sides that curve along to the side. This is a classic example from South Bali, collected in the early decades of the 20th century by the Java Instituut.",-7.802257,110.359438,TP011.jpg
12,TP012,"Demon Barong Bangkal, Wild Boar",1940,"Museum Bali, Denpasar",,"With huge eyes, long tusks, floppy ears and a face covered with a thick layer of bristles, the sheer ferocity of this wild boar-a form assumed by several shapeshifting witches including Rarung's disciple, Nyi Waksirsa and Ni Kelinyar, who appears in the Dukuh Siladri story. Kelinyar ordered by Dayu Datu, another worshipper of Rarung to kill the heroine, Ni Kesuma Sari. Possessing great prowress the girl quickly dispatches Kelinyar and later goes on to defeat Dayu Datu. An early role model of women's liberation on Bali, Kesuma Dukuh Siladri served as the basis of Diana Darling's book, The Painted Alphabet (1992).",-8.657398,115.218579,TP012.jpg
13,TP013,Wild Boar ,1930,"Museum Bali, Denpasar","Jl. Mayor Wisnu No.1, Dangin Puri, Kec. Denpasar Tim., Kota Denpasar, Bali 80232","According to I Made Bandem, this large and impressive image of a wild male boar with tusks is the work of I Gusti Belauan of Singapadu, a village famed for sacred Barong masks. Belauan worked in the late 19th and early 20th century. He was also probably the maker of the nearly identical mask in the Basel Ethnographic Museum in Switzerland. Singapadu has been a famed center of mask-making since the 18th-century, when it was patronized by the rulers of the Sukawati Kingdom. While the form and depiction of the boar is forceful and realistic, it is the attention to detail-the interplay of curved lines on the snout, lips and ears, enhanced by a palette of black, saturated red and burnished gold-that makes the whole come alive.",-8.657398,115.218579,TP013.jpg
14,TP014,Wild Boar Barong,1930,"National Museum of Indonesia, Jakarta",,"The surface of this wild boar's head undulates with wave-like forms and gold-leaf patterns that swirl around its eyes, maw and curved red snout. The intrinsic danger of these ferocious forest beasts is seen in its tusks-espe-cially the pair that rise and curve forward from the lower jaw in a way that is not seen in nature. Stiff animal bristle, perhaps from swine, has been at-tached to the forehead to increase the impression of wildness. This particu-lar style comes from Central Singapadu, which is famed for its boar masks. It is possible that it was made by Anak Agung Negari or I Gusti Aji Belaluan, two of the best known mask-makers of the early 20th century.",-6.176424,106.821815,TP014.jpg
15,TP015,"Gadjah Mina Ganesha, Elephant Fish",1930,"Museum Sonobudoyo, Yogyakarta",,"While the exact identity of this rare and exquiste Wayang Wong mask of a white elephant is unknown, there are several possibilities including Ganesa, the elephant headed son of the high god, Siwa or Gadjahmina a mythological half elephant, half fish creature often featured in Javanese and Balinese mythology and iconography. In particular the elegant curving tongue resembles the gadjahmina bow carvings on Balinese traditional outriggers (jukung).",-7.802257,110.359438,TP015.jpg
16,TP016,Barong,-,"Private Collection, Mas",,"Using simple tools, Balinese artists are masters at playing with sculptural forms. This is even more evident than usual here because of the absence of surface pigment. The play of undulating curves on this archaic depiction of an elephant's head is sophisticated and effortless. With a proud u-shaped trunk ending at its mouth counterbalanced by upward curving tusks, large eyes and multiple bulges on its forehead, it is reminiscent of the gadjahmina elephant fish one of many fantasy creatures in Balinese mythology.",-8.541481,115.27515,TP016.jpg
17,TP017,Elephant Barong,1930,"Collection Nationaal Museum van Wereldculturen, Leiden",,"With ivory tusks, a proudly raised trunk, great flapping ears and blue skin flecked with gold, this large and impressive pachyderm is unique. It was undoubtedly commissioned from a master mask-maker (undagi) for a special occasion by a temple or aristocrat. The mask bears similarities to the two large elephant statues flanking the main gate (kori agung) of Puri Taman Pule Temple in Mas. It is possible that the mask was made by Ida Bagus Ngurah, who set up a traditional school of the arts in Mas in the 19th century. His students included his son, Ida Bagus Gelodog, and Ida Bagus Njana, who became the two founders of the Mas school of modernistic Balinese sculpture. As in many places, the art of mask-making was handed down through the generations. Gelodog became an acclaimed mask-maker himself, and his own son, Ida Bagus Anom, followed in his footsteps. This mask was exhibited in Bali: Art, Ritual, Performance at the San Francisco Museum of Asian Art in 2010.",52.164104,4.483984,TP017.jpg
18,TP018,Barong Elephant ,1930,"National Museum of Indonesia, Jakarta",,"This magnificent and festive image of a large elephant with lapis lazuli blue hide, red striped trunk, golden eyebrows, and striking ivory tusks, had been hidden in the storage rooms of Indonesia's national museum until recently. After renovations it is now part of the permanent display. Such grandiose creations were usually commissioned by wealthy royal patrons for special occasions. A comparable example on the previous page is in the collection of the Nationaal Museum van Wereldculturen.",-6.176424,106.821815,TP018.jpg
19,TP019,"Barong Lembu,Banteng Cow",1931,"Museum Bali, Denpasar","Jl. Mayor Wisnu No.1, Dangin Puri, Kec. Denpasar Tim., Kota Denpasar, Bali 80232","Described as a cow in museum notes, the presence of fangs may suggest that this could be an imaginary or supernatural animal. In Balinese and Javanese art, fangs and other unnatural attributes are added to images of animals in order to signify magical properties. With a broad crown, bulging eyes, small nose, long snout and hinged lower jaw, this mask is reminiscent of the Singo Barong of East Java, which is, of course, the neighbor of West Bali. Marianne van Wessem was a wealthy Dutch heiress who often visited Bali and played a key role as secretary of the Pita Maha Association.",-8.657398,115.218579,TP019.jpg
20,TP020,"Barong Lembu, Banteng Cow",1943,"Museum Bali, Denpasar",,"Of all animal Barong masks, the Barong Lembu is probably the most naturalistic. With large horns, elegantly wing-shaped ears, and a proud, if not haughty, expression, this red-faced bull is a fine specimen of his species. Balinese cattle are descendents of the banten, a wild species that they domesticated early one. With large eyes and white deer-like white rumps, they play a critical role in Balinese agriculture and religion. The mask was given to the Bali Museum in 1943 during the Japanese Occupation. The donor was Akira Miura, who served for a short period as the museum's director.",-8.657398,115.218579,TP020.jpg
21,TP021,"Barong Lembu, Bull",1900,"National Museum of Indonesia, Jakarta",,"This large and impressive mask with a scarlet red skin tone, large golden horns, a black nose and enormous eyes, is one of the masterpieces of the Indonesian National Museum in Jakarta. Unseen for decades, it was only recently discovered during the renovation of the this august institution, which was founded in the 18th century. It is likely that it was made at the same time and by the same artist as the Elephant Barong on the next two pages. As symbols of courage, tenacity and nobility for which reason the wadah, ceremonial containers to carry the deceased aristocrats to cremation grounds, are often in the shape of bulls.",-6.176424,106.821815,TP021.jpg
22,TP022,Tiger Barong ,1900,"Collection Nationaal Museum van Wereldculturen, Leiden",,"Balinese depictions of tigers, which were native to the island, are usually quite accurate. As a personification of a sacred mythological animal, images of singa are often more fanciful. This turn-of-the-century mask shows all the hallmarks of courtly patronage, in particular the rich use of costly cinnabar red and gold leaf. Like other animal barong, the tiger appears in processions at the end of the Galungan-Kuningan festival cycle, when performers wander through the village seeking alms for their efforts. Unlike Barong Ket dances, these processions are more like pantomime, and are especially enjoyed by children.",52.164104,4.483984,TP022.jpg
23,TP023,Tiger Barong ,1937,"Museum Bali, Denpasar",,"This is another early Tiger Barong from Kuta, with traces of animal hair and gold leaf stripes. The small but sharp rows of teeth resemble those of the Tiger Barong on the opposite page, which was donated to the museum by Marianne van Wessem in 1937.",-8.657398,115.218579,TP023.jpg
24,TP024,Tiger Barong ,1930,"Museum Bali, Denpasar","Jl. Mayor Wisnu No.1, Dangin Puri, Kec. Denpasar Tim., Kota Denpasar, Bali 80232","With two erect ears rising up on either side of the crown and widely-spaced eyes, the red surface of this Tiger Barong is covered in decorative golden stripes resembling flames. It was sourced from Kuta Village by Marianne van Wessen, a wealthy Dutch heiress who was also the secretary of the Pita Maha, a Balinese union of artists. She obtained the mask with the aid of the legendary German musician and painter, Walter Spies.",-8.657398,115.218579,TP024.jpg
25,TP025,Tiger Barong ,1938,"Museum Bali, Denpasar","Jl. Mayor Wisnu No.1, Dangin Puri, Kec. Denpasar Tim., Kota Denpasar, Bali 80232","This Tiger Barong is dominated by huge eyes and a large, full-lipped mouth bristling with sharp teeth and fangs. Here the mask-maker has chosen to cover much of the surface of the face with black and white fur, making the mask more realistic and enhancing the sense of danger. ",-8.657398,115.218579,TP025.jpg
26,TP026,Tiger Barong ,1940,"Museum Bali, Denpasar","Jl. Mayor Wisnu No.1, Dangin Puri, Kec. Denpasar Tim., Kota Denpasar, Bali 80232","While depicting the same subject, each Tiger Barong found in the collection of the Museum Bali is a unique variation, demonstrating the distinct creativity of its maker. Here the artist has chosen to combine gold leaf stripes with animal fur, either by inserting bundles of hair through holes in the mask, or attaching animal hide to the mask's surface. In comparison to the Tiger Barongs on the previous page, this example is closer to the blocky shapes of Barong Ket. It was purchased from Rolf Neuhaus, one of two German brothers who set up an aquarium and art gallery on Sanur Beach before the Second World War.",-8.657398,115.218579,TP026.jpg
27,TP027,Tiger Barong ,1930,"Collection Nationaal Museum van Wereldculturen, Leiden",,"With a fierce yet amused grin, large round eyes and an open maw bristling with teeth and fangs, this Tiger Barong is from the village of Mas, just south of Ubud. Dominated by the priestly Brahmana class, Mas has been a center of mask-making and wood carving for centuries. This mask was exhibited and published (page 109) in Bali: Art, Ritual, Performance at the San Francisco Museum of Asian Art in 2010.",52.164104,4.483984,TP027.jpg
28,TP028,"Basuki, Naga Dragons, Anantaboga",1900,"Puri Gerenceng Palace, Denpasar ",,"Basuki and Anantaboga are primordial naga dragons, held sacred by Hindus and Buddhists. They are the rarest type of Barong masks. Both of these pairs were originally used a top huge kites (janggan) in the form of naga flown during the wind season, which lasts from July until September. The ones above are the creations of I Gusti Made Gede one of Bali's most acclaimed artists in the 19th and early 20th century. The second pair, to the right, were collected in Ubud. These mythological creatures play an important role in Balinese myth and religion. Bali itself is said to rest on the backs of a cosmic turtle, Bedawang Nala intertwined with the twisted bodies of Basuki and Anantaboga floating upon a cosmic ocean. Earthquakes are caused when the naga move suddenly. The pair also play a key role in the story of the churning of the ocean of milk to create the nectar of immortality when the gods and demons use them as ropes to stir the sea until the magical liquid, tirta amerta, appears.",-8.652978,115.211067,TP028.jpg
29,TP029,"Barong Naga Basuki, Vasuki",1930,"Collection Nationaal Museum van Wereldculturen, Leiden",,"Basuki and Anantaboga are primordial naga dragons, held sacred by Hindus and Buddhists. They are the rarest type of Barong masks. Both of these pairs were originally used a top huge kites (janggan) in the form of naga flown during the wind season, which lasts from July until September. The ones above are the creations of I Gusti Made Gede one of Bali's most acclaimed artists in the 19th and early 20th century. The second pair, to the right, were collected in Ubud. These mythological creatures play an important role in Balinese myth and religion. Bali itself is said to rest on the backs of a cosmic turtle, Bedawang Nala intertwined with the twisted bodies of Basuki and Anantaboga floating upon a cosmic ocean. Earthquakes are caused when the naga move suddenly. The pair also play a key role in the story of the churning of the ocean of milk to create the nectar of immortality when the gods and demons use them as ropes to stir the sea until the magical liquid, tirta amerta, appears.",52.164104,4.483984,TP029.jpg
30,TP030,"I gusti Ayu Bebed Luh, Ken Bebed",-,"Collection Nationaal Museum van Wereldculturen, Leiden",,"| Gusti Ayu Bebed Luh was the daughter the distinguished Majapahit minister, Ki Gusti Pinatih. She was betrothed to Gadjah Mada, the puissant prime minister of the Majapahit Empire, in an arranged marriage. As she was unable to bear him a child, Gadjah Mada took a second wife, Ni Luh Ayu Sekarini, the daughter of a high priest on Bali. After he returned to the Javanese capital, she remained on in Bali and unbeknownst to Gadjah Mada, bore him a son who she named Aria Bebed. When he came of age, she finally told him who his father was. Later he would join the Majapahit court and became a local official in North Bali. There is a shrine (Prasasti Aria Bebed) dedicated to him in Bububan Village. Here, Gusti Ayu Bebed is depicted as a princess with a round face, white complexion and fine features befitting a proud character of aristocratic status.",52.164104,4.483984,TP030.jpg
31,TP031,"I Gusti Ayu Bebed Luh, Ida Ayu Bebed Luh",1930,"Museum of Puro Mangkunegaran, Solo ",,"With a perfect white complexion and a beauty mark on the left side, fine arched eyebrows, aquiline nose, ruby red lips and a golden diadem, I Gusti Ayu Bebed Luh is the epitome of a high caste beauty about whom several stories are told. The daughter of Ki Gusti Pinatih, a minister in the court, she would catch the eye of Gadjah Mada, who took her as his first wife. She is credited for having been one of his most important advisors over the years. Unable to bear children, her husband married another girl, Ni Luh Ayu Sekarini, during the Bali campaign who unknown to either of them gave birth to a boy, named Aria Bebed, in honor of I Gusti Ayu Bebed Luh. Sekarini would only reveal the name of his father after he came of age, whereupon he sat before the door of Gadjah Mada's palace and demanded to meet his father. After an interrogation, Gadjah Mada affirmed the veracity of his claim, acknowledged him as his son and appointed him to a position at the court.",-7.566756,110.823071,TP031.jpg
32,TP032,King Beda Ulu,1930,"Collection of the Griya Pidada Family Temple, Klungkung ",,"In this well-worn portrait of Beda Ulu, the swine-headed raja of Bali at the time of the Majapahit invasion of the island in 1342, Kerebuak has created a perfect balance between the features of a strong king and a fearsome jungle beast with a shockingly flat red nose, fangs and tusks. While disparaged as a black magician who's abuse of the dark arts resulted in his the replacement of his true visage with that of an animal, there is a tragic side to the fall of Beda Ulu, who never stood a chance against the might of a far more powerful and cunning enemy. Notably he would not perish in the war but flee in shame leaving no trace of his whereabouts.",-8.535487,115.406221,TP032.jpg
33,TP033,Raja Beda Ulu,-,"I Made Nyarikan Sriada Family Temple, Denpasar ",,"Whereas most masks depicting Beda Ulu are far more pig-like than human, in this case other than a flat snout that exposes his nostril holes and two fangs on the sides of his mouth, here the despised king of Bali defeated by the invading Majapahit army in 1343, is more of an unattractive angry man than a fearsome wild boar. What is certain is that after his defeat, the Majapahit were more than happy to paint an ugly picture of the deposed king, an uncouth and evil sorcerer who supposedly fled in shame after his subjects learned he had the head of a pig.",-8.65528,115.21734,TP033.jpg
34,TP034,"The Raja Of Bali, Sri Tapa Hulung ",1938,"Private Collection, Bali ",,"Beda Ulu, the king of Bali at the time of the Majapahit invasion in 1343, was labeled a cruel and uncivilized villain and master of the dark arts. As if that was not enough, he was also said to have the head of a wild boar from whence his nickname Beda Ulu or 'different head'. Facing overwhelming odds from an aggressive Imperial neighbor, the outcome of the conflict was never in doubt although one can suspect that the stories about Bali's last independent king were the result of propaganda. As they say, history is written by the victor.",-8.409518,115.188916,TP034.jpg
35,TP035,"Pandesa, Village Headman",1930,"Museum Sonobudoyo, Yogyakarta",,"With a white complexion, wide open eyes staring ahead with intensity flared nostrils, moustache and grinning mouth, in the original notes of the Java Institute (1919-1942), it is described as a Jauk Bendesa or Jauk who was also a village headman. In 1935 the institute's collection, which included Balinese as well as Javanese artifacts, was moved to its current location near the royal palace of the sultan of Yogyakarta. Officially named Kayu Winayangan ing Brahman Budha, this was shortened by most to Sonobudoyo. Although the Java Institute was disbanded at the time of the Japanese invasion, the responsibility for Sonobudoyo was given to local officials until 1974 when it became a national museum.",-7.802257,110.359438,TP035.jpg
36,TP036,High Priest ,1920,"Museum Bali, Denpasar",,"Bhagawan Wraspati was a Shaivite high priest whose knowledge was so great that he became teacher to the gods, or Guru Para Dewa. Living in isolation in a mountain retreat he specialized in mystical practices that released his disciples from illusion (maya) and the cycle of rebirth into a state of full realization of consciousness (moksa). Mask-maker Ida Pedanda Sidemen was also a Shaivite priest renowned for his deep wisdom and mastery of arcane magic. His masks are celebrated not only for their liveliness-seen here in the eyes full of mirth and slight smile-but also his mastery of colors in this case blue-green, the color of Siwa and bright cinnabar lips.",-8.657398,115.218579,TP036.jpg
37,TP037,Begawan Uraspati ,-,"Collection Nationaal Museum van Wereldculturen, Leiden",,"Begawan Uraspati was an enlightened saint who, as a result of his deep meditations (tapas), rose to Indraloka, the heavenly realm, where the gods themselves became his students. Here Uraspati is depicted as a forceful man with thick eyebrows and mustache. He was a devotee of Iswara (the Lord of the World), an incarnation of Siwa, with whom he shares his blue skin colour. Married to three women, he had a son called Bharadwaja, who also became a great sage. Bharadwaja in turn fathered Drona, the great warrior and preceptor of the Korawa and Pandawa brothers in the Mahabharata Epic.",52.164104,4.483984,TP037.jpg
38,TP038,Bima,1955,"Collection Sanggar Seni Kakul, Batuan",,"The son of Dewi Kunti and Bayu, the god of wind, Bima is the largest and most powerful of the Pandawa brothers, the heroes of the Mahabharata. His rough of character and quick temper, is signaled by a dark complexion, coarse features and wiry hair. Despite his fearsome exterior, which contrasted with his more civilized brothers, he was good hearted and kind. Bima is also the half-brother of Anoman, the white monkey",-8.584877,115.277934,TP038.jpg
39,TP039,"Bondres Peceng, One-Eyed Clown Mask",-,"Collection Nationaal Museum van Wereldculturen, Leiden",,"Typically for a Bondres clown, this mask twists the normal symmetry of the human face out of place. The missing eye on the right is compensated by the enormous one on the left, while the teeth are also deformed. Despite this, and perhaps aided by its flesh-colored complexion, this mask lacks the horrific aspect of many other Bondres.

According to museum notes, this mask was used by the nobles of Puri Satrya Palace in Denpasar during grand ceremonies, indicating that it was held in high esteem. Puri Satrya or Satria was the local name for Puri Agung, the main palace of Badung or Denpasar, which was destroyed with great loss of life during the Dutch colonial invasion of September 1906. Stylistically, the quality of workmanship and other clues suggest that this mask was one of a group of sacred masks that were owned by or performed in Puri Agung Badung before its destruction that ended with the looting of treasures by the Dutch as well as locals. The history of the masks after the Puputan that marked the end of the kingdom of Badung is unknown until they were accessioned to the museum in 1938.",52.164104,4.483984,TP039.jpg
40,TP040,"Bondres Gandi, Gandi, Deformed Handmaiden",-,"Private Collection, Mas",,"Blind in one eye, with a misshapen face and huge earplugs (subeng) inlaid with Chinese porcelain, Gandi falls into the archetype of the coarse comic handmaiden to a usually vacuous princess. To the delight of the audience, she fearlessly hurls insults, ribald humor and razor-sharp criticism whenever and wherever she sees fit. Her character serves as a comic counterpoint in the Calonarang story.
The use of curves and round forms in this expressive mask are the work of a true master.",-8.541481,115.27515,TP040.jpg
41,TP041,Bondres Luh Peceng,-,"Museum Bali, Denpasar",,"Another misshapen half mask of a comical maid in waiting. Half masks al-low dancers to speak unimpeded. This particular character, known as Luh Peceng, represents an eccentric woman, blind in one eye, who bears the scars of a severe case of smallpox she suffered as a young girl. Despite her physical deformities she also wears jewelry including earplugs, a red and golden hair ornament in the shape of a lotus flower and a ring of blossoms in her hair. Foul-mouthed, quick of wit and uncouth, Luh Peceng is extremely popular with audiences.",-8.657398,115.218579,TP041.jpg
42,TP042,"Bondres Luh, Handmaiden to the Queen",1938,"Private Collection, Bali ",,"Pug nosed with sharp arching eyebrows, a rectangular mouth with an uneven row of top teeth and large mole on her left cheek, this Bondres appears rough and tumble despite her large golden earplugs, well coiffured hairdo and a dot on her third eye. Masters of low Balinese, Bondres engage in everything from wicked gossip to throwing shade on rivals real and perceived. Sometimes, as here, the eyeholes are large allowing the dancers eyes to peer through. This allows the dancer to move the eyes more expressively.",-8.409518,115.188916,TP042.jpg
43,TP043,"Bondres Luh, Female, Servant to the Queen",-,"Private Collection, Bali ",,"This maidservant's lower status is mirrored by her dark reddish-brown complexion, which usually signals common birth. Despite this or perhaps because of it, the Balinese, who are themselves 85% wong jaba, literally outside the three higher castes, often adore these clown-like figures who speak in the vernacular. So, too, while many are bumblers akin to vaudeville slapstick performers, others are intelligent and cunning. Despite her ancestry, as a servant of the court, this bondres has golden earrings, a third eye ornament and row of upper teeth.",-8.409518,115.188916,TP043.jpg
44,TP044,"Bondres Peceng Aneh, Old Eccentric Man with One Eye",1930,"Private Collection, France",,"This depiction of an older, eccentric clown figure (bondres) is a study in asymmetrical composition. Facial lines marking the vicissitudes of time are interwoven with his human imperfections, the impact enhanced by the silver-gray color of his skin and bright red lips. The mingling of Klungkung and Batuan influences came about when master mask-maker | Dewa Putu Kebes of Klungkung decided to move to his wife's home village of Batuan after she fell seriously ill. He remained in Batuan and exercised considerable influence over not only the Batuan style but also the nearby Singapadu and Sukawati styles.",46.227638,2.213749,TP044.jpg
45,TP045,"Bondres Pawah, Grinning Old Man",-,"Museum Bali, Denpasar",,"This highly unusual white-faced mask shows a sinister-looking older man with slanted, open eye holes. His U-shaped, wrinkled mouth with four large square teeth grins evilly, while his hair, made of white goat skin, gives a disheveled impression. The presence of a golden flame-shaped ornament (urna) on his forehead signifies celestial or aristocratic origins. The expressiveness of this rare mask suggests that it belonged to a royal dance troupe and represented some sort of sage, not all of whom were endearing.",-8.657398,115.218579,TP045.jpg
46,TP046,"Bondres Cangkrim, Cacar, Pock Marked Clown",1934,"Museum of Puro Mangkunegaran, Solo ",,"Disease masks are one genre of masks on Bali. According to the description this pock-marked man with bulging cheeks and wispy facial hair, was a victim of chickenpox. Such masks may have originated from early exorcistic dances that sought to drive away the spirits causing maladies.",-7.566756,110.823071,TP046.jpg
47,TP047,Man with Pockmarked Face,1938,"Collection Nationaal Museum van Wereldculturen, Leiden",,"Field notes describe this folkloric mask with bushy eyebrows, mustache and dark, olive-toned skin marred by white spots as a soldier. Lacking the finesse of courtly masks, it is a reminder that mask-making and dancing also flourished in remote regions without royal patronage, especially in mountains. Disease masks like this one belong to older animistic traditions that believed the masks could dispel the evil spirits that cause sickness. The white spots certainly represent smallpox scars, an illness that regularly struck Bali's population. Assuming the solider description is accurate, it might also signify the hardship and dangers of frequent internecine warfare, for which commoners were often pressed into military service by their chieftains and lords.
",52.164104,4.483984,TP047.jpg
48,TP048,Man with Wandering Eye,1938,"Collection Nationaal Museum van Wereldculturen, Leiden",,"While the Balinese idealize good looks, they also never shy away from showing those not blessed by beauty and even, as here, deformed. Many of these characters are bumbling fools, but some are wise and crafty advisors to their kings. At the time it was collected in 1938, this mask was said to represent a soldier, despite having a wall-eye which would have been a considerable handicap in battle. The mask-maker has even used red on the eyelids to further emphasize the eye issue. The skewed eyes, dark tan complexion, asymmetrical eyebrows, and triangular goatee give the impression of a sly personage looking for advantage.",52.164104,4.483984,TP048.jpg
49,TP049,Deformed Guard of the Palace of I Gusti Panji Sakti,1900,"Collection Nationaal Museum van Wereldculturen, Leiden",,"This large, grim-faced mask of a snarling, deformed man with a dark olive complexion is described in field notes as a gatekeeper at the palace of Gusti Pande. The latter is most probably a misspelling of Ki Gusti Anglurah Panji Sakti, the heroic aristocrat who founded the kingdom of Buleleng in the 17th century after defeating Javanese Muslim invaders. Panji Sakti established his capital in Singaraja, where he built a large palace known as Puri Agung Singaraja or Puri Gede Buleleng. The mask was certainly used in sacred historical dances recounting the deeds and exploits of this Balinese hero.",52.164104,4.483984,TP049.jpg
50,TP050,"Bondres, Eccentric Clown",1920,"Museum Bali, Denpasar",,"All three of these masks depict angry men seemingly shouting at unseen protagonists. The one to the left is made of simple materials with stiff bristles and a gaping mouth with missing teeth. It is a folkloric reminder that mask traditions existed on every level of society. The examples to the left, are stunning examples of a new realistic style driven by master artists like Kerebuak of Klungking who expanded not only the boundaries of masks but also the performance arts for, in many cases makers were also talented dancers. Although such masks do not fit easily into specific categories, they are members of a group that are more studies of emotional states, in this case outrage bordering on aggression. Whereas one has pronounced facial lines with a gaping mouth and overlarge teeth. The appearance of a tongue in the second is very unusual.",-8.657398,115.218579,TP050.jpg
51,TP051,"Bondres Nyebak, Angry Man Shouting",1930,"Private Collection, Bali ",,"All three of these masks depict angry men seemingly shouting at unseen protagonists. The one to the left is made of simple materials with stiff bristles and a gaping mouth with missing teeth. It is a folkloric reminder that mask traditions existed on every level of society. The examples to the left, are stunning examples of a new realistic style driven by master artists like Kerebuak of Klungking who expanded not only the boundaries of masks but also the performance arts for, in many cases makers were also talented dancers. Although such masks do not fit easily into specific categories, they are members of a group that are more studies of emotional states, in this case outrage bordering on aggression. Whereas one has pronounced facial lines with a gaping mouth and overlarge teeth. The appearance of a tongue in the second is very unusual.",-8.409518,115.188916,TP051.jpg
52,TP052,Red Faced Man,1930,"Private Collection, France",,"All three of these masks depict angry men seemingly shouting at unseen protagonists. The one to the left is made of simple materials with stiff bristles and a gaping mouth with missing teeth. It is a folkloric reminder that mask traditions existed on every level of society. The examples to the left, are stunning examples of a new realistic style driven by master artists like Kerebuak of Klungking who expanded not only the boundaries of masks but also the performance arts for, in many cases makers were also talented dancers. Although such masks do not fit easily into specific categories, they are members of a group that are more studies of emotional states, in this case outrage bordering on aggression. Whereas one has pronounced facial lines with a gaping mouth and overlarge teeth. The appearance of a tongue in the second is very unusual.",46.227638,2.213749,TP052.jpg
53,TP053,Deformed Eccentric,1950,"Private Collection, USA",,"Whereas many bondres masks depict buffoons and busybodies, some are of a more malevolent disposition, as seen here. Sneering from a crooked open mouth that exposes a row of broken teeth, this bondres' sense of malice is amplified by large eye holes that allow the dancer to truly animate the character.
This mask is attributed to Banjar Gemeh in Badung (the Balinese name for Denpasar) because of a similar mask in the collection of Nyarikan Sriada. Such pinpoint identification of provenance is a reminder that particular styles often originated with one carver, and would radiate out from them to others in the immediate vicinity, or even surrounding regions.",37.774929,-122.419416,TP053.jpg
54,TP054,One-Eyed Clown,1930,"Private Collection, USA",,"The use of startling contrasts seen in Bondres clown masks in this case a huge, bulging eye alongside a squinting, closed socket-provokes hilarity in the Balinese audience. The comic impact is further enhanced by the malformed nose and red complexion. Diseased and deformed outliers belong to a special class of clown masks. While it is easy to recoil from such depictions and judge them as cruel, they are also important reminders of human frailty and mortality.",37.774929,-122.419416,TP054.jpg
55,TP055,"Topeng Sibakan, Bondres Half-Mask",1940,"Museum Bali, Denpasar",,"Male bondres are also known as penasar. They can also be village headmen or troublemakers happy to align themsleves to some new ring leader. Dark-skinned and with nasty features including shaggy hair and bad teeth, both of these half masks appear as dubious characters.",-8.657398,115.218579,TP055.jpg
56,TP056,"Topeng Sibakan, Bondres Half-Mask",1940,"Museum Bali, Denpasar",,"Male bondres are also known as penasar. They can also be village headmen or troublemakers happy to align themsleves to some new ring leader. Dark-skinned and with nasty features including shaggy hair and bad teeth, both of these half masks appear as dubious characters.",-8.657398,115.218579,TP056.jpg
57,TP057,Penasar,1938,"Private Collection, Bali ",,"Dental deformations of all types, beginning with overlarge or jutting teeth, continuing on to double rows and stupendously crooked teeth, are liberally illustrated in Balinese mask dance. In many cases, the victims are able to use their wit and intelligence to rise above such problems. In mask theater, they play fools bringing humor to otherwise complex historical plotlines.",-8.409518,115.188916,TP057.jpg
58,TP058,"Bondres, Red and White Faced-Fool",1930,"Museum Bali, Denpasar",,"Half red and half white, this dramatic mask of a pug nosed man with a deformed face and unkept hair is an unusual and noteworthy example of the outlier. Bondres masks play a critical role in Topeng Pajegan and Panca performances as a comic counterpoint. Combining rude behavior with coarse language, cutting repartee and slapstick, the best performers-capable of instantaneous biting and witty remarks are so popular that they are akin to celebrities. Dancers using such masks also imitate the speech patterns of the handcapped.",-8.657398,115.218579,TP058.jpg
59,TP059,"Punyah, The Drunked",1960,"Private Collection, USA",,"This dark brown mask with coarse features and a moveable jaw depicts a presumptuous, loud-mouthed alcoholic who careens about the stage, oblivious of the world around him. His outrageous antics-including false exclamations of grand deeds and ribald humor-are a source of never-ending mirth to the audience, and at the same time a cautionary tale of the dangers of abusing alcohol.",37.774929,-122.419416,TP059.jpg
60,TP060,"Penasar Nelik, Red Faced Bendesa",1930,"Private Collection, USA",,"With a wrinkled face, concerned look with popping eyes (nelik) and copious moustache, this sibakan half mask, depicts a village headman. Such half-masks usually depicting commoners as well as outliers, play a comic role as bondres or penasar, those all to ready to meddle in affairs and make outrageously impolite comments. While comic half masks have a long history, this particularly expressive style was created by the legendary mask-maker, I Dewa Putu Kebes of Batuan. This probably began sometime at the end of the 19th century and would continue to evolve into even more extreme varieties. The style was a great hit and adopted by fellow mask-makers in the nearby villages of Singapadu and Sukawati.",37.774929,-122.419416,TP060.jpg
61,TP061,"Sibakan, Sibakan HalfMask, Servant of the King",1930,"Collection Nationaal Museum van Wereldculturen, Leiden",,"Half-masks are the domain of penasar. These characters, belong to the rough-and-tumble world of commoners and have presumably suffered the same hardship and poverty as the majority of the audience. Although they speak in the low language and are often unspeakably raw and rude, penasar also embody a high degree of folk humor and wisdom that stands in contrast to the refined behavior of princes and courtiers. Here, the mask-maker emphasizes strength of character through worry lines, wrinkles and the concerned look in the clown's eyes.",52.164104,4.483984,TP061.jpg
62,TP062,"Bawi Muka, Forest Boar",1930,"Museum Sonobudoyo, Yogyakarta",,"With a long snout and flat red nose with large nostrils, and large gold earrings the brown skinned Cenggiri, represents the ferocious wild boar, a sway bacled black-skinned creature with tusks that once abounded in Bali's primary forests. Symbols of fertility and abundance, they were domesticated and have played a key role in the economy, cuisine and religious life especially around Galungan.",-7.802257,110.359438,TP062.jpg
63,TP063,Tokoh Cina,1700,"Museum Bali, Denpasar",,"This mysterious white-faced mask shows a man with narrow eyes, a refined nose and an enigmatic V-shaped smile. While the hair on top of his head is unkempt and his eyebrows are bushy, he has a neat mustache and goatee. The shape of the eyes and complexion are reminiscent of Sidakarya and Barong Landung masks. There is also a mouth plug (canggem) carved into the back of the mask, so that the dancer can hold it with his mouth. This convention is found only on the oldest Balinese masks. It is possible that this is a sacred mask depicting a character in an historical story (Topeng Wali or Bebali Babad).",-8.657398,115.218579,TP063.jpg
64,TP064,Sang Cupak,1920,"Museum Bali, Denpasar",,"The story of the twin brothers Cupak and Grantang has long served as a popular morality play on Bali. Lazy, greedy and evil-minded, Cupak uses his seniority to abuse his handsome, strong and good-hearted younger broth-er Grantang, who respectfully defers to him despite the injustice. Unbe-knownst to either, they were created by the god Batara Brahmana to help the Raja of the Javanese kingdom of Daha defeat the raksasa demon Detya Benaru, who had kidnapped his daughter. When Cupak hears that the king is offering the hand of his beautiful daughter to the hero who can save her, he tricks Grantang into defeating the demon, only to claim the princess for himself. As seen in the mask, Cupak is ugly and badly groomed, causing the princess to recoil from his advances. In the end, he is exposed and the noble Grantang prevails.",-8.657398,115.218579,TP064.jpg
65,TP065,The Good Prince,1920,"Collection of the Griya Pidada Family Temple, Klungkung ",,"Dalem is the archetype of the noble prince that can be used to play any number of historical characters from different stories. Handsome, alert and serious, his features are graceful, with bright eyes, nose and full lips accented by a thin mustache. His black hair, combed back, contrasts with the warm hue of his naturally-colored complexion. The gold floral roundels with inlaid pink sapphires on his crown, temples and third eye were added at a later date. This is one of twelve sacred masks made and used by Ida Bagus Oka Kerebuak. Considered spiritual heirlooms, they are now in the family temple of Griya Pidada.",-8.535487,115.406221,TP065.jpg
66,TP066,Dalem Arsa Wijaya,1948,"Private Collection, Bali ",,"Dalem Arsa Wijaya is the Balinese archetype of a heroic prince. His aristocratic status is mirrored in his white complexion, refined features and noble expression. This mask was presented by Anak Agung Ketut Ngurah, the raja of Bangli, to I Made Keredek (the father of I Made Bandem) in the early 1950s in recognition of this talents as a Topeng Panca dancer, who often performed in Bangli. While the jewelry in the hair is carved directly into the wood with the addition of gold leaf, the urna, third eye, between the eyebrows is actually made of gold affixed to the mask. The addition of metallic ornaments, silver or gold and inlaid with stones or glass only became popular in the 1950s.",-8.409518,115.188916,TP066.jpg
67,TP067,"Raden Wijaya, Kertarajasa Jayawardana",-,"Collection Nationaal Museum van Wereldculturen, Leiden",,"In Topeng Pajegan and Panca, Arsa Wijaya or Dalem is usually the archetype of the just ruler, used to play any number of historical roles. Although this mask is described in museum records as Arsa Wijaya, in this case it is a reference to Raden Wijaya, the founder and first raja of the Majapahit Empire. Here Raden Wijaya is shown in full glory as a handsome high noble resembling Rama, the hero of the Ramayana Epic. He has a white complexion, well-formed features and bright eyes. His immaculately curved moustache and full red lips dis-play his vigor. The two large golden ornaments encrusted with rubies (urna, cudamani) above his third eye symbolize his inner mystical power (sakti) and royal status. He is crowned by a ring of golden flowers. This mask belongs to a special class of sacred masks known as Topeng Wali or Bebali. They are performed only on special occasions, such as at the investiture ceremonies of high priests (pedanda). These ceremonies involve the ritual death of the candidate and his rebirth as priest, who is given a new name and thereafter considered twice born (dwijati).",52.164104,4.483984,TP067.jpg
68,TP068,Dalem Arsa Wijaya,1940,"I Made Nyarikan Sriada Family Temple, Denpasar ",,"Dalam masks are used to represent princely heroes appearing in any number of historical tales. The name of I Nyoman Kaler, the son of Sriada is inscribed in Balinese inscription on the back of the mask. Like his father Kaler was a renowned mask dancer.",-8.65528,115.21734,TP068.jpg
69,TP069,Raden Panji,1900,"National Museum of Indonesia, Jakarta",,"The Malat Cycle, a 12th century medieval poem, consists of several stories about Panji Amalat Rasmi, the king of Jenggala, and his wife, Princess Dyah Ratna Merta, queen of Kediri. In one, the crown prince Panji denounces his titles and leaves the kingdom after his father refuses to allow him to marry the girl he loves. Worried by his absence, the king sends Kebo Angun-Angun to find his son. His search is fruitless but as he returns he encounters a man, Carang Naga Puspa, who provokes an argument that nearly erupts into a fight before Angun-Angun realizes that he is Panji in disguise. After the king relented and allowed him to marry Dyah, Panji would finally return to Janggala and later ascend the throne, appointing Angun-Angun, shown here as a mature, but somewhat tired aristocrat of high standing, as his prime minister.

Accessioned to today's National Museum at an early date, an inscription on the back of the mask to the left reads, ""made by Ida Bagus Putu Rai of Tabanan"" followed by a mantra, ""May the spirit of Siwa and Pasupati invest this mask with magical power (taksu)."" In addition it identifies this exquisite depiction of a vigorous and handsome young aristocrat as Dalem Panji or King Panji. With intense but compassionate eyes, well-formed features, a dashing moustache, open smiling mouth, red lips and pearly teeth, the portrait is a masterpiece. It is an all the more remarkable find because it is the creation of a previously unknown master from Tabanan, a regency not well known for mask making, sobering proof how much more there is to learn about this ancient art. While now largely sidelined, it should be remembered that the Malat Cycle so resonated with the people of Southeast Asia that it influenced performance arts not only on Java and Bali but also Sumatra, Sulawesi, the Malay Peninsula, Thailand and",-6.176424,106.821815,TP069.jpg
70,TP070,Dalem Sidakarya,1900,"National Museum of Indonesia, Jakarta",,"The use of multiple parallel lines on this mask are reminiscent of the 16th century Semar masks of Blahbatuh.

The same set also includes the earliest example of the Sidakarya type, a strange man with a scrunched up face, narrow curved eyes and buckteeth, which is identified not as Sidakarya but I Dewa Tarukan (vol. 1, pages 146-147), a Balinese historical figure who has nothing to do with the Javanese Buddhist priest, who cursed the Eka Dasa Rudra.",-6.176424,106.821815,TP070.jpg
71,TP071,Dalem Sidakarya,1900,"Museum Bali, Denpasar",,"As masks of other characters or types that fall into sometimes narrow visual parameters, artists have show great versatility in expressing their own vision of the men and women they are portray. Each of these Sidakarya masks shares a pale complexion, narrow curved eyes and big red mouths with oversized forward jutting teeth, yet each of them has its own unique pres-ence. With bushy black eyebrows and a matching unkempt moustache and goatee, the man on the upper left seems younger (Anecdotally the mask was bought for less than a dollar in 1936). In contrast, the white wisp of a beard of his neighbor belongs to an older man, an age more appropriate the original story. On this page, Sidakarya, described as a minister, assumes a more royal stature with golden jewelry, facial lines and better groomed hair. Smiling mischeviously, their intentions are not easy to read. Frits Liefkes, a well respected scholar and curator of antique furniture at the Rijksmuseum, was also a passionate lover of Indonesian art. After his death he would be-queath his considerable collection to the Ethnographic Museum in Leiden",-8.657398,115.218579,TP071.jpg
72,TP072,"Delem, Chief Advisor to King Rawana",1930,"Museum Bali, Denpasar",,"Both the mask of Sangut on the left and Delem on the right were made in Puri Gerenceng Palace in Denpasar. The facial color and jewelry, especially the large round ear plugs with four-petal flowers, of both masks is very similar. The real difference is the shape of their mouths. Whereas Delem's is round, Sangut's resembles an animal's muzzle for which reason he is also known as Uludawa or 'long snout"". Known for his quips and wit, Sangut often annoys his older brother Delem by reciting wise parables and reminding him of the better qualities of those on the side of right who have allied against their liege lord Rawana, particularly Prince Rama and his brother Laksmana.

Ultimately all four are inextricably connected as opposing halves in a greater cosmic drama that transcends good and bad.

The second image of Delem to the right, belonged to Marianne van Wessum, a wealthy Dutch heiress and close friend to Walter Spies and Rudolf Bonnet. She would act as the secretary of the Pita Maha artists association after it was found in 1936. With lotus flower earrings, thick gold leaf lines and a long droopy moustache it may have been made in Singapadu. She would kindly donate it to Museum Bali in the early 1950s.",-8.657398,115.218579,TP072.jpg
73,TP073,"Melem, Advisor to Rawana",1930,"Museum Bali, Denpasar",,"Both the mask of Sangut on the left and Delem on the right were made in Puri Gerenceng Palace in Denpasar. The facial color and jewelry, especially the large round ear plugs with four-petal flowers, of both masks is very similar. The real difference is the shape of their mouths. Whereas Delem's is round, Sangut's resembles an animal's muzzle for which reason he is also known as Uludawa or 'long snout"". Known for his quips and wit, Sangut often annoys his older brother Delem by reciting wise parables and reminding him of the better qualities of those on the side of right who have allied against their liege lord Rawana, particularly Prince Rama and his brother Laksmana.

Ultimately all four are inextricably connected as opposing halves in a greater cosmic drama that transcends good and bad.

The second image of Delem to the right, belonged to Marianne van Wessum, a wealthy Dutch heiress and close friend to Walter Spies and Rudolf Bonnet. She would act as the secretary of the Pita Maha artists association after it was found in 1936. With lotus flower earrings, thick gold leaf lines and a long droopy moustache it may have been made in Singapadu. She would kindly donate it to Museum Bali in the early 1950s.",-8.657398,115.218579,TP073.jpg
74,TP074,"Delem, Advisor to Rawana",1930,"Museum Bali, Denpasar",,"Wayang Wong depictions of the punakawan clowns who serve Prince Rama and King Rawana, the implacable rivals of the Ramayana Epic, are often liberally painted with cinnabar and gold leaf. As a prosperous royal capital enriched by enormous rice fields and trade, the lords of Denpasar were great patrons of the arts. Sadly, the once great Wayang Wong troupes of the past began waning in the late 19th century and largely crash with the colonial era. While Wayang Wong masks were still being produced, the troupes that wore them had largely disappeared by the end of World War Two.",-8.657398,115.218579,TP074.jpg
75,TP075,Bilung ,1930,"Museum Sonobudoyo, Yogyakarta",,"Wearing large golden rondels (subeng) in his earlobes and with a hint of a smile and his lips, this is one of the more flattering depictions of Delem, chief advisor to the villainous Rawana. Scorned for his pompous ignorance and vainglorious arrogance, time and time again Delem's whisperings to the monarch inevitably result in disaster. On the opposite page an amused grey faced Twalen with a wrinkled forehead and pug nose looks downwards as if he is studying some object. As all the Wayang Wong in the collection of Sonobudoyo Museum, these masks were original bought by the Java Instituut. While the chances are that they were made in Denpasar, the wealthy and cultivated capital of Badung, they also resemble the royal style of Klungkung not surprising because of the lively cultural exchange among traveling dance troupes and dancers whose fame began spreading beyond",-7.802257,110.359438,TP075.jpg
76,TP076,"Melem, Advisor to Rawana",1930,"Private Collection, USA",,"With an animal-like face resembling a frog, Delem is the main advisor to the evil protagonist in multiple stories. Vain and full of himself, Delem does all he can to please his lord, often leading him straight to disaster. He is one of four clown-like figures that appear in the dances-two on the side of good, and two on the side of evil. All four serve several important functions during performances, including the translation of the stories into the vernacular, and above all, the use of slapstick comedy and bawdy banter to offset the serious undercurrents of the main narrative.",37.774929,-122.419416,TP076.jpg
77,TP077,Dewi Sita,1935,"Asian Art Museum, San Francisco",,"The famed Mas school of polished wood sculpture, began in 1930 when Ida Bagus Gelodog and his younger cousin, Ida Bagus Njana, following the encouragement of their close friend Walter Spies began experiment-ing carving in a modernistic style that unlike most traditional Balinese sculpture was left unpainted. During his pre-war career, Gelodog, also made unpainted masks as objects d'art. Images of Rama and Sita mark the epitome of physical and spiritual male and female beauty as here captured by this master artist. These two masks, along with a third on the next page are carved of sandalwood. Rare, fragrant and expensive, they have been a special commission by the well known Austrian author, Vicki Baum, who visited Bali in 1935.",37.780277,-122.41616,TP077.jpg
78,TP078,"Princess Sita, Wife of Rama ",1938,"Private Collection, Bali ",,"This exquisite mask is attributed to the master carver and high priest, Ida Pedanda Sidemen of Sanur. It is testimony of his ability to strike a perfect balance between realism and idealism. The features, round well-drawn face, languid eyes, arched eyebrows, shapely lips with a slight hint of a smile, finely coiffed hair, held back with a gold hair band and large round earplugs (subeng), create a beneficent aura of grace and elegance. Liter-ally speaking Sita is the archetype of Balinese female beauty connected to a long list of goddesses including Dewi Sri, Parwati and Prajnaparami-ta. This mask was presented as gift by President Sukarno, to one of his secretaries in the 1950s.",-8.409518,115.188916,TP078.jpg
79,TP079,Dian Rayak ,1930,"Museum Sonobudoyo, Yogyakarta",,"Son of the raksasa demon, Sri Jaya Pangus, and Dewi Danu, the goddess of Lake Batur, Sri Mayadenawa was a mighty practitioner of the dark arts which he used to establish hegemony over Bali and the neighboring islands in the 11th century. As his power grew so did his arrogance. Believing himself invincible, he ordered the populace to make offerings and prayers to him rather than the gods and ancestors. This so enraged the priest, Mpu Sangkul Putih that he mounted Gunung Agung and asked them to intervene. Confronted with the army of Indra, the king of the gods, Mayadenawa fled to Tampaksiring and resorted to magic to throw his pursuers off his path. In the end, he would take on the form of jungle fowl (manuk), but was finally trapped and killed. Villainized as the epitome of evil (adharma), his defeat is celebrated every 210 days during the Galungan-Kuningan Festival. In an alternative reading, it has been speculated that Mayadenawa was a Buddhist who sought to break the monopoly of the Shaivite priests.",-7.802257,110.359438,TP079.jpg
80,TP080,Patih GadjahMada ,1700,"Private Collection, Bali ",,"The early dating of this powerful dark-complexioned char-acter is based on the presence of a canggem, a wood-en mouthpiece on its backside. This is inserted into the mouth of the dancer, so he can bite on it and hold it close to his face. It is an archaic feature found only on the oldest of masks, such as the 16th century masks of Blahbatuh. Depicting a forceful prime minister (Patih Deling Keras) of dark complexion the fine execution of the mask and the quality of the materials, ascertains a courtly origin. It is possible that it was once used as a sacred mask in a historical play (Topeng Wali or Bebali Babad) and made during the rule of the Gelgel Dynasty.",-8.409518,115.188916,TP080.jpg
81,TP081,Gadjah Mada,1938,"Griya Danginan, Mas (Griya Gede Mas) ",,"As several other masks of Gadjah Mada, Gelodog has envisioned the prime minister of the Majapahit Empire as a cunning dark-skinned, middle-aged man of intelligence. The mask was made and worn by Gelodog, who was also a renowned dancer, before the war.",-8.54362,115.26985,TP081.jpg
82,TP082,Prime Minister of Majapahit,1956,"Private Collection, Mas",,"This mask is based on a drawing of a 14th-century Majapahit-era terracotta head made by artist Henk Ngantung before World War Two The Indonesian poet, journalist and fervent nationalist Mohhamad Yamin identified the head as a portrait of Gadjah Mada, the famed Majapahit prime minister who uttered the Palapa Oath-a declaration of his intention to unite Indonesia-at his inauguration. With a brown complexion, large bulbous nose, serious expression and square, corpulent face, Gadjah Mada appears as a determined and experienced middle-aged man. His aspect here is in notable contrast to the 17th-century Gadjah Mada mask of Blahbatuh, where he resembles a young Javanese prince.",-8.541481,115.27515,TP082.jpg
83,TP083,Prime Minister ,1950,"Collection Sanggar Seni Kakul, Batuan",,"Here the wise and cunning prime minister of the 14th century Majapahit Empire, Gadjah Mada appears as a young man with a white complexion. The mask was presented to the famed dancer and mask maker, I Nyoman Kakul, by I Dewa Putu Oka Geg, the raja of Klungkung.",-8.584877,115.277934,TP083.jpg
84,TP084,Prime Minister,1934,"Museum of Puro Mangkunegaran, Solo ",,"One of the more remarkable portraits of Prime Minister Gadjah Mada, we meet a mature and capable man wear-ing a golden crown with floral motifs. His thick eyebrows, sideburns and moustache emphasize his masculinity and authority. The image stands out in contrast to the mask in Blahbatuh and gruff figure proposed by Slamet Maulana.",-7.566756,110.823071,TP084.jpg
85,TP085,Prime Minister,1920,"Collection of the Griya Pidada Family Temple, Klungkung ",,"Wearing an elaborate floral crown, despite his ample facial hair and robust appearance, here Kerebuak has chosen to portray the famous prime minister as a handsome noble with a light complexion and intelligent, kind demeanor, which contrasts with the visualizations of this exceptional man by other mask makers, most many seem to have preferred images of stout, even knarly older men with determined expressions. These variations also mirror the many undercurrents and attitudes concerning Gadjah Mada, who was after all an imperialist and invader who resorted to overwhelming power and trickery to overcome the native Balinese forces. Nonetheless, as was the case with Pasung Grigis, Gadjah Mada, a force that could not be resisted.",-8.535487,115.406221,TP085.jpg
86,TP086,Patih Sira Gadjah Pagon,1800,"Collection Nationaal Museum van Wereldculturen, Leiden",,"Sira Gadjah Pagon was a high noble in the court of the Singosari Kingdom. After its last king, Kertanegara was murdered by the rebel Jayakatwang, Sira become of one the nine knights who swore allegiance to Kertanegara's son-in-law, Raden Wijaya After and arduous struggle against the rebels and army of Genghis Khan, the victorious knights established the Majapahit Empire with a new capital at Trowulan. Sadly Sira Gadjah Pagon did not take part in the new kingdom. Monstrously disfigured in battle, he instead retreated to an isolated village to heal. This proved to be a blessing in disguise because it prevented him from being dragged into the ensuing power struggles at the court. Despite his deformed exterior, Sira Pagon was happily married and sired children. The most famous of them was Gadjah Mada, who joined the Majapahit court during the rule of its second raja, Jayanegara. Cunning and capable he was later appointed prime minister and regent to the underage Hayam Wuruk who would go on to rule over forty years. A true golden age, the period saw the blossoming of many of Indonesia's greatest artistic traditions.",52.164104,4.483984,TP086.jpg
87,TP087,Galuh ,1938,"Collection Nationaal Museum van Wereldculturen, Leiden",,"While the Barong Landung is best known for its two main figures-the black-faced Jero Gede and his white-faced wife, Jero Luh-in certain areas in the region of Denpasar, these giant puppets are joined by their children and other personages. The group wan-ders through village streets at the end of the Galungan-Kuningan festivities, spreading mirth with their quirky movements and bawdy call-and-response couplets.

These two resplendent masks show Mantri, the son who's name implies that he is well-educated, and Galuh, or princess. In contrast to their odd-looking parents, they appear to be handsome aristocrats. Their status is emphasized by the light color of their skin (flesh-tone and cream), and large golden ear ornaments: Mantri's are pais-ley-shaped while Galuh wears round earplugs (subeng). In addition, Galuh wears a beautiful crown encrusted with jewels that rises above her hairline. What they do share with Jero Gede and Luh are a pair of extremely large ears that point out to the side. This may have to do with a prevailing belief in Eastern countries that large ears are a sign of intelligence and good character.",52.164104,4.483984,TP087.jpg
88,TP088,Garuda ,1900,"Collection Nationaal Museum van Wereldculturen, Leiden",,"Garuda, the mythological half-man, half-eagle, is the son of the great sage Resi Kasyapa and his wife Winata. He is closely associated with Wisnu, the god of kingship, who is frequently seen riding on his back. Garuda appears in several sacred texts including the Mahabharata. In one story he sneaks into heaven to steal amerta, the elixir of immortality, in order to free his mother. He is challenged by and defeats Indra, the king of the gods, before peace is restored. Here Garuda is depicted with a green complexion. Often compared with the sun, he is shown with golden horns, eyebrows and an open beak exposing his sharp teeth and fangs. His royal status is seen in his tear-drop shaped earrings. This mask was collected in the vicinity of Ubud in 1920 BY H.T. Damsté who was the resident (equivalent of a governor) of Bali from 1919-1923.",52.164104,4.483984,TP088.jpg
89,TP089,Garuda ,1935,"Private Collection, Bali ",,"With light green colored feathers, particular large round eyes, butterfly-shaped ears and a long tongue, this is another classic example of Garuda. Although the attempt of his cousin, Jatayu, to stop Rawana's kidnapping of Sita, is better known and critical to the plot, in a more obscure episode of the story, Garuda saves the lives of Rama and Laksmana from certain death after they were bitten by magical snake-arrows (Nagapasha) shot by Rawana's son Indrajit. To save them, Wibisana, created countless incarnations of Garuda, each which attacked the snake arrows before they could hit. So, too, Anoman would fly to the Himalayas to seek the antidote to the poison.",-8.409518,115.188916,TP089.jpg
90,TP090,"Kapi Gawakasa, Son of Surya",1900,"Museum Bali, Denpasar",,"Known as Kapi Handoko on Java, Gawaksa is the creation of the sun-god Surya. With the body of a monkey, his head is either that of a banteng, a species of wild and domesticated cattle native to Indonesia, or a wild boar. A brave warrior, he is a member of the wanara army commanded by Sugriwa that invades Alengka with Prince Rama. This mask is in the style of the Pemedilan or Pemecutan District of Denpasar.

Sadly, active Wayang Wong troupes are no longer found within the precincts of Badung (the Balinese name for the once-powerful kingdom of Denpasar). It is possible that their sudden demise was directly or indirectly linked to the fall of their royal patrons in 1906, when Dutch colonial forces invaded Badung. The invasion resulted in the utter destruction of the Pemecutan and Denpasar palaces, which were set afire by their rulers to prevent the invaders from seizing their wealth.",-8.657398,115.218579,TP090.jpg
91,TP091,Frog Prince,1960,"Museum Bali, Denpasar",,"Animal masks, including those of frogs, are part of older traditions in mask dance. Groups of animals would engage in amusing antics to provide comic relief to the often long and convoluted plots of serious historical dances.

The Wayang Wong Ramayana is a good example of this convention, as the monkeys and other beasts often perform entertaining dances. While it is difficult to say when exactly such frog masks-with jaws that could open and close to create clackiing sounds were first seen by Westermers, it did not take long for the Balinese to realize that they were a hit, leading to the creation of a new dance form dubbed the Frog Prince. One of the earliest and most famous frog mask-makers was I Dewa Putu Kebes of Batuan Village, Gianyar. This wonderful example, with a jointed lower jaw to allow movement, has a yelllowish complexion with black dots. Incongruously, it also has a row of teeth. It is one of several masks donated by the artist in 1959.",-8.657398,115.218579,TP091.jpg
92,TP092,Hari Menda Singa-Lion,1900,"Private Collection, Mas",,"While illustrating the same character, Hari Menda, these two masks are from different backgrounds and dance forms. Black with mottled golden spots, the elaborate perforated lion's mane above is decorated with mirrors. The extensive use of gold leaf and delicate painting indicate that it was from a royal Wayang Wong set probably in the vicinity of Singapadu. While equally exuberant, the second mask, which is white with black spots, perhaps inspired by leopards, is far more folkloric. It belongs to the Barong Dingkling dance performed in certain villages in South Bali after the Galungan-Kuningan ceremony has ended. It is also known as Blas-Blasan, literally 'to jump around', a referral to the animated antics of the dancers. Also based on the Ramayana story, wear Wayang Wong masks, however, rather than perform in a set arena, the wander around the village dancing and jumping to the delight of the children.",-8.541481,115.27515,TP092.jpg
93,TP093,Hari Menda Singa-Lion,1930,"Private Collection, Denpasar",,"While illustrating the same character, Hari Menda, these two masks are from different backgrounds and dance forms. Black with mottled golden spots, the elaborate perforated lion's mane above is decorated with mirrors. The extensive use of gold leaf and delicate painting indicate that it was from a royal Wayang Wong set probably in the vicinity of Singapadu. While equally exuberant, the second mask, which is white with black spots, perhaps inspired by leopards, is far more folkloric. It belongs to the Barong Dingkling dance performed in certain villages in South Bali after the Galungan-Kuningan ceremony has ended. It is also known as Blas-Blasan, literally 'to jump around', a referral to the animated antics of the dancers. Also based on the Ramayana story, wear Wayang Wong masks, however, rather than perform in a set arena, the wander around the village dancing and jumping to the delight of the children.",-8.655935,115.216823,TP093.jpg
94,TP094,The High Priest's Servant (Abdi Pedanda),1920,"Museum Bali, Denpasar",,"A servant to the high priest, I Baru is a type of comic Bondres figure whose main duty is to carry all the ritual paraphernalia of his master. The skull-like appearance of this red-hued mask is emphasized by the rows of grooves representing deep wrinkles, gaping eye holes, a pug nose and a broad mouth with a full row of widely-spaced upper teeth. The lower jaw is hinged, allowing the dancer to move it and banter.",-8.657398,115.218579,TP094.jpg
95,TP095,I Gede Basur ,1936,"Private Collection, United States",,"A refined minister in the 11th Udayana court by day, I Gede Basur, was a secret practitioner of magic, which he surreptiously used to advance and enrich himself unbeknowst to his peers. One time after a pretty village girl and her father refused to marry his ugly son because she was bethrothed to another, he cast a spell of pestilence on her entire village that caused them all to die. Basur would meet his match in the form of Ni Garu, a plain looking silly girl who fell hopelessly in love with his son, I Tigaron, who cruelly humiliated her for daring to think she was his equal. Overcome with shame the girl flees to the cemetery to kill herself where she encounters Bhatari Durga, the goddess of the underworld, who invites her to become a member of her witches; coven. Developing amazing powers, she would challenge and defeat Basur and expose him as a sorceror. Here Basur is shown in a demonic form with a greenish pallor, broad nostrils, wild hair and enomrous red lips with black and white teeth. Ironically he closely resembles the yellow faced Garu who shares the same intense expression and enormous lips. Both masks are from the same maker.",40.7128,-74.006,TP095.jpg
96,TP096,Pemayun ,,"Collection of the Griya Pidada Family Temple, Klungkung ",,"I Gusti Dauh Bale Agung was a renowned Balinese author who studied under Danghyang Nirartha, the influential Javanese high priest responsible for the reformation and unification of Balinese religion during the 16th century. This period, under the Gelgel Dynasty, was renowned for the blossoming of the arts in Bali. Bale Agung's name is mentioned in various palm-leaf manuscripts dating from the reign of Dalem Bekung, who succeeded his father Dalem Waturenggong around 1564.",-8.535487,115.406221,TP096.jpg
97,TP097,I Gusti Pande Base,-,"Private Collection, France",,"The fierce intensity of this red-faced minister whose eyes bulge out from deep sockets strong features reminiscent of a skull speak deeply about the ability of Bali's best mask makers to envision even minor historical char acters with vibrant emotional characteristics that could immediately impact audiences. I Gusti Pande Base was a highly capable and suspicious minis-ter in the court of the Dewa Agung, ruler of Klungkung. When it came to his attention that Ki Gusti Telabah, a dashing young knight from Badung, was a frequent visitor, he decided to investigate. After discovering that he was having an affair with one of Dewa Agung's wives, he cleverly exposed him in court by bringing attention to a golden ring with a ruby Telabah was wearing When the king saw it, he realized that it was a gift he had presented to his wife. It was Base who would mercilessly hunt down Telabah and execute him. Because this mask, originally attributed to Ida Pedanda Sidemen of Sanur, is dated 1858 on the back, the assumption is that it was made by his teacher Ida Bagus Lanang Banjar.",46.227638,2.213749,TP097.jpg
98,TP098,I Gusti Telabah,-,"Museum of Puro Mangkunegaran, Solo ",,"A dashing and handsome dancer from Tabanan, I Gusti Telabah, was invited to perform at the court in Klungkung. Soon, afterwards he became a frequent visitor. Suspicious that something was up. I Gusti Pande Basa, discovered that he was having an affair with one of the king's concubines He would expose him at court by admiring a ring with a ruby worn by Telabah. As the king had given it as a present to his concubine, an order was given to put him to death. After hiding in Kuta, Telabah was finally killed but only after several botched attempts",-7.566756,110.823071,TP098.jpg
99,TP099,"Megananda, Son Of Arwana",-,"Private Collection, France",,"As his father, whom he closely resembles, Indrajit is full of confidence and arrogance. It is the ancient moral tale of mortals striving for invincibility and immortality only to stumble and fall. The independent kingdom of Bangli was one of many smaller states that emerged on Bali in the 17th century after the demise of the Gelgel Dynasty. Landlocked, it developed close relations with Buleleng Kingdom in the north explaining why the Wayang Wong set in Tejakula, North Bali, was said to be made by I Gusti Ngurah Ketut Jelantik of Bangli. Celebrated for being vigorous and expressive, Bangli is still a mask making center",46.227638,2.213749,TP099.jpg
100,TP100,Megananda ,-,"Museum of Puro Mangkunegaran, Solo ",,"Executed in the classic style of Klungkung, where Balinese Wayang Wong as we know it came into being in the 16th century, the mask depicts Megananda, the son of Rawana, the sorcerer king of Alengka and villain of the Ramayana story. At the time of his birth, his father, who was in deep meditation, instructed his brother Wibisana, to ensure the birth of a boy, as a girl would mark the end of his dynasty. Wibisana did this by conjuring up Megananda from the sky, explaining the blue color of his face. The mask was presented to Adipati Mangunegaran VII of Solo by his close friend, I Gusti Bagus Jelantik, the viceroy of Karangasem, who knew of his great love of mask dance. Over the decades before the outbreak of World War Two, Jelantik would sponsor dances and present masks, usually from Klungkung, to his friend.",-7.566756,110.823071,TP100.jpg
101,TP101,"I Gusti Jambe Pule, Kiyai Gede Raka ",1920,"Museum of Puro Mangkunegaran, Solo ",,"This magisterial mask with a gold cross surrounded by stars on his crown and light flesh colored skin, represents the founder and ruler (1660-1683) of Denpasar's illustrious Pemecutan Dynasty. This occurred after Jambe Pule was awarded a magical whip (pecut from which the name Pemecutan) and blowpipe (tulupan) by Dewi Danu, the goddess of Lake Batur, in honor of the deep meditations and austerities he performed on the slopes of Batur Volcano, mountain of the same name. After I Gusti Maruti, murdered his cousin, Dalem Di Made, the rightful raja of Gelgel, Jambe Pule was one of a coalition of princes who brought the coup d'etat to an end. The mask was photographed by scholar Claire Holt in 1926",-7.566756,110.823071,TP101.jpg
102,TP102,Jatayu ,-,"Collection Nationaal Museum van Wereldculturen, Leiden",,"This is a mask of Jatayu the vulture, who played a vital role in the Ramayana epic.

The story goes that while attempting to stop Sita's abduction by the evil sorcerer-king Rawana, Jatayu's wings were clipped and he was fatally wounded. He heroically managed to stay alive until Sita's husband Rama and brother-in-law Laksmana arrived. As he lay dying, Jatayu named Rawana as the perpetrator and informed the brothers that he had taken Sita south to his kingdom of Alengka (Sri Lanka).

This set in motion the epic battle to defeat Rawana and rescue Sita. Complete with a perforated gilded leather crown, the mask shows Jatayu staring alertly into the distance.",52.164104,4.483984,TP102.jpg
103,TP103,Jatayu the Vulture,-,"Museum Sonobudoyo, Yogyakarta",,"For the greater part, Jatayu is white, perhaps a reference to white as the color of mourning. Despite being scavangers who are often found in the vicinity of burial and burning grounds, vultures are respected for the valuable role they play in the cycle of life. While worn from use, the undulating shape of the bird head is reflects the Balinese sophisticated sense of form. Like all of these masks, the ears have been carved separately and attached with cord to the main mask. The tongue, too, is a separate piece of wood that can be moved by the dancer to lively effect. While their beaks are held wide open they are not hinged or movable like the barong.",-7.802257,110.359438,TP103.jpg
104,TP104,Jatayu the Vulture,-,"Collection Nationaal Museum van Wereldculturen, Leiden",,"With an unusual turquoise colored face and a row of real feathers as eyebrows and a three pronged crown, this is a rather unusual mask of Jatayu. Made in Batuan, it nonetheless stays true to a canon or art that dates back all the way to medieval Java. Batuan, having produced many of Bali's greatest dancers, has been a great center of the arts since the 17th century kingdom of Sukawati. This mask was once owned by the renowned dancer Pan Ruju.",52.164104,4.483984,TP104.jpg
105,TP105,The Vulture Jatayu or Garuda,-,"Private Collection, Great Britain ",,"Long and elegant, this white-faced, sharp-beaked bird most probably represents Jatayu, the mythological vulture from the Ramayana. In the story, Jatayu heroically attempts to come to the rescue of Princess Sita as she is being kidnapped by Rawana, the raksasa-king of Alengka (Sri Lanka). As he lies dying, he sets the main events of the Ramayana Epic in motion by telling Prince Rama about the abduction of his wife.

With golden teeth, bushy eyebrows and large, unusually shaped eyes, this is an example of early precolonial Balinese mask-making at its height. Because of its shape, it has also been suggested that the mask was once placed on the head of a large royal kite in the shape of a bird (janggan). Spanning three or more meters in width, with cloth tails up to 60 meters long billowing in the air behind them, these magnificent aircraft were flown in great competitions off Sanur Beach from June to August, riding on the powerful cool breezes of the eastern monsoon.",51.507217,-0.127586,TP105.jpg
106,TP106,Frowning Jauk Keras ,-,"I Made Nyarikan Sriada Family Temple, Denpasar ",,"Orange-faced, with raised eyebrows, tense wrinkled forehead, flared nostrils and open mouth, this unusual Jauk Keras may actually be a Penamprat, an evil character who appears during various sacred dances to drive away the beneficent Telek. Although he was not a mask maker himself, the renowned Sriada was often gifted masks by others as thanks. As here, he usually wrote the name of the maker, in this case, I Rentuh, who is otherwise unknown, on the back side.",-8.65528,115.21734,TP106.jpg
107,TP107,Royal Jauk Keras,-,"Collection Nationaal Museum van Wereldculturen, Leiden",,"Long and elegant, this white-faced, sharp-beaked bird most probably represents Jatayu, the mythological vulture from the Ramayana. In the story, Jatayu heroically attempts to come to the rescue of Princess Sita as she is being kidnapped by Rawana, the raksasa-king of Alengka (Sri Lanka). As he lies dying, he sets the main events of the Ramayana Epic in motion by telling Prince Rama about the abduction of his wife.

With golden teeth, bushy eyebrows and large, unusually shaped eyes, this is an example of early precolonial Balinese mask-making at its height. Because of its shape, it has also been suggested that the mask was once placed on the head of a large royal kite in the shape of a bird (janggan). Spanning three or more meters in width, with cloth tails up to 60 meters long billowing in the air behind them, these magnificent aircraft were flown in great competitions off Sanur Beach from June to August, riding on the powerful cool breezes of the eastern monsoon.",52.164104,4.483984,TP107.jpg
108,TP108,Royal Jauk Keras ,-,"Private Collection, France",,"Long and elegant, this white-faced, sharp-beaked bird most probably represents Jatayu, the mythological vulture from the Ramayana. In the story, Jatayu heroically attempts to come to the rescue of Princess Sita as she is being kidnapped by Rawana, the raksasa-king of Alengka (Sri Lanka). As he lies dying, he sets the main events of the Ramayana Epic in motion by telling Prince Rama about the abduction of his wife.

With golden teeth, bushy eyebrows and large, unusually shaped eyes, this is an example of early precolonial Balinese mask-making at its height. Because of its shape, it has also been suggested that the mask was once placed on the head of a large royal kite in the shape of a bird (janggan). Spanning three or more meters in width, with cloth tails up to 60 meters long billowing in the air behind them, these magnificent aircraft were flown in great competitions off Sanur Beach from June to August, riding on the powerful cool breezes of the eastern monsoon.",46.227638,2.213749,TP108.jpg
109,TP109,Jauk Keras ,-,"Collection Nationaal Museum van Wereldculturen, Leiden",,"This lively mask of a dynamic and important minister is notable for its light blue complexion. The precision of the gold leaf and polychrome drawing, along with the inlaid mother-of-pearl teeth are typical of Denpasar's master mask makers of the first decades of the 20th century. Frits Liefkes was a furniture curator at the Rijksmuseum in Amsterdam, who put together an important collection of Balinese and Indonesia art, which he bequeathed to the Ethnographic Museum in Leiden, which published a book, Living with Indonesian Art:
The Frits Liefkes Collection (Brinkgeve, 2013).",52.164104,4.483984,TP109.jpg
110,TP110,Jauk Keras ,-,"Collection Nationaal Museum van Wereldculturen, Leiden",,"Despite being from opposite sides of the island, these two Jauk Keras masks are remarkably similar. In both cases the artists of used dark complexions and emphasized deep facial lines to achieve the same brooding attitude. The use of gold, in the example from Denpasar, is especially masterful. The main differences are the size of the eyes, those on the left are larger and the number of teeth, in one case four the other six. The mask from Singaraja also has magical gold symbols between his eyebrows, one an upward facing crescent moon, where the other has bumps with lines.",52.164104,4.483984,TP110.jpg
111,TP111,Frowning Jauk Keras ,-,"I Made Nyarikan Sriada Family Temple, Denpasar ",,"Red-faced, with raised eyebrows, tense forehead, snoutlike nose and mouth open as if yelling, this unusual Jauk Keras may actually be a Penamprat, an evil character who appears during various sacred dances to drive away the beneficent Telek. While often, as here, heavily worn from use, old collections, such as that now held in the Sriada family temple, offer important pieces of information in the reconstruction of the history of mask making and dancing on the island. Probably because he was not himself a mask maker, Sriada often inscribed the names of artists and their villages on the backsides. While there is currently no further information about I Rentuh, the sheer power of this example proves that the number of masters working was far broader than we now know.",-8.65528,115.21734,TP111.jpg
112,TP112,Jauk Keras,-,"I Made Bandem, Collection",,"This pair of classic Jauk masks are the creation of I Dewa Raka Pajengan and I Wayan Tangguh. The orange-red color of the Jauk Keras stands in contrast to the pristine white of the Jauk Manis, manifesting two ends of a spectrum. It is also notable that the masks were made to portray the two sides of Bhatari Durga, the goddess who presides over the nether regions and all ceremonies related to death. The mask from Tangguh, a reproduction of one from Pemedilan was especially made for a young dancer by the name of I Made Bandem. Its still remains in his personal collection.",-8.592818,115.254729,TP112.jpg
113,TP113,Jauk Keras ,-,"Collection Sanggar Seni Kakul, Batuan",,"This pair of classic Jauk masks are the creation of I Dewa Raka Pajengan and I Wayan Tangguh. The orange-red color of the Jauk Keras stands in contrast to the pristine white of the Jauk Manis, manifesting two ends of a spectrum. It is also notable that the masks were made to portray the two sides of Bhatari Durga, the goddess who presides over the nether regions and all ceremonies related to death. The mask from Tangguh, a reproduction of one from Pemedilan was especially made for a young dancer by the name of I Made Bandem. Its still remains in his personal collection.",-8.584877,115.277934,TP113.jpg
114,TP114,Refined Jauk ,1900,"Private Collection, Bali ",,"With a white complexion, large bulging eyes and bushy moustache out-lining and open mouth with four exposed teeth and tongue between his lips, this Jauk mask is still attached to its original tiered headdress. The pointy golden cone-shaped grooved ornament between a top his third eye is extremely rare and probably signifies higher status. Associated with the underworld, Jauk are used in a number of dances, most notably grand battles between Rangda and her eternal rival the Barong.",-8.409518,115.188916,TP114.jpg
115,TP115,Jauk Manis ,1920,"Private Collection, Switzerland",,"While best known for his remarkable drawings, long before he achieved fame in the 1930s for his art, Lempad, was a famed traditional architect, sculptor and mask maker, who had earned the title of master (undagi), already in the late 19th century. While a number of unpainted masks made by him are on display in his family compound in Ubud, these are later and more modenistic.

This is perhaps the only example of a traditional polychromed mask from this extraordinary artist who died in 1978 at the age of 116. Depicting a refined Jauk, as all his works it relies on precise lines and effortlessly perfect balance.

The mask is unique because of the artist's use of small white dots around the pupils. The mask was bought by the present owner in 1974 from Tjokorda Gde Agung Suyasa of Puri Saren Kauh.",47.3769,8.5417,TP115.jpg
116,TP116,"Jauk Manis Bendesa, Refined jauk as Village Headman ",19th century,"Museum Sonobudoyo, Yogyakarta",,"With a white complexion, wide open eyes staring ahead with intensity, flared nostrils, moustache and grinning mouth, this is a classical Jauk Manis or refined Jauk from the 19th century. In the original notes of the Java Institute (1919-1942), it is described as a Jauk Bendesa or village headman. In 1935 the institute's collection, which included Balinese as well as Javanese artifacts, was housed in its current location near the royal palace of the sultan of Yogyakarta. Officially named Kayu Winayangan ing Brahmana Budha, this was shortened by most to Sonobudoyo. Although the Java Institute was disbanded after the Japanese invasion, responsibility for Sonobudoyo was given to local officials. In 1974 it was handed over to the national government.",-7.802257,110.359438,TP116.jpg
117,TP117,Refined Demon (Jauk Manis),1930,"Museum Bali, Denpasar",,"To the left is a mean looking Jauk Penamprat, a unique type of Jauk mask used in the vicinity of Denpasar, the old capital of the mighty Badung Kingdom. As befitting its status as a demonic figure it appears during ritual Barong and Rangda dances. Smaller than classic Jauk masks, its complexion is steely grey rather than red or white. With large eyes, pronounced facial lines, long bushy eyebrows and a moustache tinged with white, he is apparently of middle-age and not in good humor. The second mask to the right, is a tour de force. Full-faced with copious black hair and red eyes, the laugh lines on his face and large smile are nonetheless unnerving. This ambiguity is typical of the best Jauk Manis masks. The gilded silver jewelry on his third eye and forehead is a later addition.",-8.657398,115.218579,TP117.jpg
118,TP118,Refined Jauk (Jauk Manis),1939,"Collection Nationaal Museum van Wereldculturen, Leiden",,"This is one of several masks collected in the mountain village of Kintamani before World War Two that are now in the collection of the Nationaal Museum van Wereldculturen in Leiden. Located on Kintamani, the westem rim of an extinct caldera overlooking Lake Batur, Kintamani is an important crossreads connecting north and south Bali. With spectacular views of Gunung Agung and Gunung Batur, it is home to many important temples including Pura Ulun Danu Batur, which attracts worshippers from around the island. These temples also received royal patronage from the northern kingdom of Buleleng and Bangli, the regency to which it belongs.",52.164104,4.483984,TP118.jpg
119,TP119,Refined Jauk (Jauk Manis),1930,"Museum of Puro Mangkunegaran, Solo ",,"These two Jauk masks are from Banjar Pemedilan, a neighborhood of Denpasar famous for its masks and dancers. They are a reminder that local styles, which were handed down within families from generation to generation, flourished even in larger villages and towns. In almost all cases, the blossoming of the arts was dependent upon royal patronage, in this case the princes of Pemecutan Palace, as well as the often charismatic and talented artists.",-7.566756,110.823071,TP119.jpg
120,TP120,Refined Jauk (Jauk Manis),1930,"Museum of Puro Mangkunegaran, Solo ",,"These two Jauk masks are from Banjar Pemedilan, a neighborhood of Denpasar famous for its masks and dancers. They are a reminder that local styles, which were handed down within families from generation to generation, flourished even in larger villages and towns. In almost all cases, the blossoming of the arts was dependent upon royal patronage, in this case the princes of Pemecutan Palace, as well as the often charismatic and talented artists.",-7.566756,110.823071,TP120.jpg
121,TP121,Refined Jauk (Jauk Manis),1930,"Museum of Puro Mangkunegaran, Solo ",,"While the majority of Jauk masks fall within a narrow, if not strict canon of art dictated by color, bulging eyes, flared nostrils, boisterous facial hair and an upper row of pearly-white incisors framed by ruby lips, the great mask makers were, nonetheless, able to inject subtle characteristics that distinguish the mask and the makers work. The presence of a mask made by Ida Pedanda Made Sideman in the collection of Mangkunegaran Palace is a direct result of the contact between Denpasar and Klungkung",-7.566756,110.823071,TP121.jpg
122,TP122,Refined Jauk (Jauk Manis),1930,"Museum of Puro Mangkunegaran, Solo ",,"While the majority of Jauk masks fall within a narrow, if not strict canon of art dictated by color, bulging eyes, flared nostrils, boisterous facial hair and an upper row of pearly-white incisors framed by ruby lips, the great mask makers were, nonetheless, able to inject subtle characteristics that distinguish the mask and the makers work. The presence of a mask made by Ida Pedanda Made Sideman in the collection of Mangkunegaran Palace is a direct result of the contact between Denpasar and Klungkung",-7.566756,110.823071,TP122.jpg
123,TP123,Jauk Manis 203,19th century,"Private Collection, Mas",,"With skull-like pale chalky complexions and otherworldly blood red eyes and lips, the ghostly aesthetic of these ephemeral creatures strikes a note of fear even though they are the 'sweeter' type of Jauk. The particularly eerie style and coloration appears to be archaic and relatively rare. It is possible that this style first appeared in the mid-19th century when the Barong-Rangda dance spread like fire in the south following a series of natural disasters including pestilence, smallpox plagues, rat infestation, drought and crop failures that took the lives of thousands.",-8.541481,115.27515,TP123.jpg
124,TP124,Jauk Manis 203,19th century,"Private Collection, France",,"With skull-like pale chalky complexions and otherworldly blood red eyes and lips, the ghostly aesthetic of these ephemeral creatures strikes a note of fear even though they are the 'sweeter' type of Jauk. The particularly eerie style and coloration appears to be archaic and relatively rare. It is possible that this style first appeared in the mid-19th century when the Barong-Rangda dance spread like fire in the south following a series of natural disasters including pestilence, smallpox plagues, rat infestation, drought and crop failures that took the lives of thousands.",46.227638,2.213749,TP124.jpg
125,TP125,Jauk Penamprat ,1930,"Museum Bali, Denpasar",,"To the left is a mean looking Jauk Penamprat, a unique type of Jauk mask used in the vicinity of Denpasar, the old capital of the mighty Badung Kingdom. As befitting its status as a demonic figure it appears during ritual Barong and Rangda dances. Smaller than classic Jauk masks, its complexion is steely grey rather than red or white. With large eyes, pronounced facial lines, long bushy eyebrows and a moustache tinged with white, he is apparently of middle-age and not in good humor. The second mask to the right, is a tour de force. Full-faced with copious black hair and red eyes, the laugh lines on his face and large smile are nonetheless unnerving. This ambiguity is typical of the best Jauk Manis masks. The gilded silver jewelry on his third eye and forehead is a later addition.",-8.657398,115.218579,TP125.jpg
126,TP126,Jauk Penamprat ,1930,"Museum of Puro Mangkunegaran, Solo ",,"With his large eyes, long face and pale white complexion, this Jauk Manis possesses an eerie edge that marks him as a supernatural being. Jauk usually appear in dances alongside the Barong. Like Telek and Sandaran, they wear pagoda-shaped tiered headdresses. This particular type, known as Penamprat, takes part in an introductory dance at the beginning of the performance.",-7.566756,110.823071,TP126.jpg
127,TP127,Penamprat Jauk,1910,"Collection Nationaal Museum van Wereldculturen, Leiden",,"Despite being from opposite sides of the island, these two Jauk Keras masks are remarkably similar. In both cases the artists of used dark complexions and emphasized deep facial lines to achieve the same brooding attitude. The use of gold, in the example from Denpasar, is especially masterful. The main differences are the size of the eyes, those on the left are larger and the number of teeth, in one case four the other six. The mask from Singaraja also has magical gold symbols between his eyebrows, one an upward facing crescent moon, where the other has bumps with lines.",52.164104,4.483984,TP127.jpg
128,TP128,Jauk Penamprat ,1932,"Museum of Puro Mangkunegaran, Solo ",,"Jauk Penamprat are a unique type of Jauk that often look nothing like traditional Jauk. They are. used to temple per-formances. Usually appearing in fours they act as referees to prevent fights breaking out between rival groups. The image here is of an angry red-faced middle-aged man with bushy eyebrows, moustache, a broad nose and an unpleasant gap-ing mouth with prominent teeth. According to the notes it was bought in Yogyakarta from the Dutch entrepreneur Jacobus A. Houbout, a bitter rival of Rudolf Bonnet.",-7.566756,110.823071,TP128.jpg
129,TP129,Mask Of an Eccentric man ,1939,"Museum of Puro Mangkunegaran, Solo ",,"Appearing as a loud-mouthed man of low birth, the shape of the mouth here is echoed by facial lines and the eyes. With open red lips, two rows of rather large teeth are exposed, give the impression that the fellow is busy admonishing or criticizing someone or thing. It was given along with a second similar mask described as an eccentric of demon descent to Adipati Mankunegara VII in 1939 by the Balinese prince, Anak Agung Gede Oka, to Adipati Mangkunegaran VII in 1939. It has also been identified as Jauk Sandaran, a cross between the Jauk and Sandaran, both who have close ties to the underworld.",-7.566756,110.823071,TP129.jpg
130,TP130,Reddish Brown Courtier ,1900,"Museum Bali, Denpasar",,"The four highly dramatic masks appearing on the final pages of this section were conceived and created by one anist. With exaggerated features, long noses, sharp chins and menacing open grins exposing upper rows of large unusually shaped incisors, the sumptuous use of gold leaf and cinnabar indicate they were made for a royal troupe. Similarities between thers suggest that they were conceived as a family of punakawan who acted as courtly advisors. Obviously of demonic origin (denawa), this may have been for a villainous prince, According to I Made Bandem, they were probably used as preliminary characters (penamprat) who are the first to appear duing Telek performances along the west coast of the kingdom of Badung reaching from Jimbaran, the gateway to the Bukit Peninsula to Kerobokan, a mighty village just west of the capital in Denpasar. With no known comparative masks, it has also been suggested that because of their long noses they represent westen sailors. Three of the four have reddish complexions however, the fourth with narrow evil looking eyes is yellow.",-8.657398,115.218579,TP130.jpg
131,TP131,Red Faced Courtier,1900,"Museum Bali, Denpasar",,,-8.657398,115.218579,TP131.jpg
132,TP132,Red Faced Courtier,1900,"Museum Bali, Denpasar",,,-8.657398,115.218579,TP132.jpg
133,TP133,Yellow Faced Courtier ,1900,"Museum Bali, Denpasar",,,-8.657398,115.218579,TP133.jpg
134,TP134,"Jelantik, General I Gusti Jelantik Pesimpangan",1950,"Collection Sanggar Seni Kakul, Batuan",,"In the 16th century, Dalem Waturenggong sent Gusti Jelantik and Ki Patih Ularan to squash a rebellion in the province of Blambangan, East Java. Returning victorious they would carry with them war booty that included the now famous Gadjah Mada masks of Blahbatuh. Jelantik was also a talented dancer who intiated a dance using them that is said to have been the origin of Topeng Pajegan. Until today his descendents have continued to claim their right to be the masks caretakers. With a red ochre colored face, strong features and thick hair and a full moustache, Jelantik appears as a leader and warrior",-8.584877,115.277934,TP134.jpg
135,TP135,Jembawan The bear ,1900,"Museum Bali, Denpasar",,"Jembawan is a bear of immense strength. After being defeated by Lord Kris-na in a battle over a magical jewel, he not only pledges his loyalty but also gives his daughter in marriage to the midnight-blue god. It was Krisna who instructed Jembawan to join Prince Rama in his battle against Rawana. The mighty bear also plays a key role in discovering the whereabouts of the kid-napped Princess Sita. Here he is shown with an intelligent face and two long fangs from his upper jaw descending to his chin.",-8.657398,115.218579,TP135.jpg
136,TP136,Jero Gede ,1920,"National Museum Indonesia, Jakarta",,"The black, grinning face of Jero Gede, literally the great elevated one, is here colorfully decorated with red and gold lines made of pure gold leaf. Four enormous upper teeth protrude at an angle from his mouth. The Barong Landung dance is particu-larly popular in the south of Bali, especially in the areas around Badung. During the performance, these giant puppets emerge and wander through the streets, evoking mirth with their bawdy poetry and amusing antics. Barong Landung is danced at the end of the Galungan-Kuningan festival, which takes place every 210 days according to the Balinese lunar calendar.",-6.176424,106.821815,TP136.jpg
137,TP137,Jero Gede ,1937,"Collection Nationaal Museum van Wereldculturen, Leiden",,"With jet-black skin, this Jero Gede mask is dominated by elephantine ears and four enormous buck teeth that jut out at an angle below bright red lips. A golden disk glows at the center of the forehead. Like most images of Jero Gede, the expression suggests hilarity, although in this case there is a hint of a darker undercurrent. This pair of Barong Landung masks was sourced in the vicinity of Denpasar during the 1930s.",52.164104,4.483984,TP137.jpg
138,TP138,Jero Gede ,1930,"Museum Sonobudoyo, Yogyakarta",,"Because of the absence of evidence, it has been long assumed that Bali's westernmost regency, Jembrana with its capital in Negara, never had a dynamic mask dance tradition. So too, many have forgotten the thousand year old cultural ties between East Java and Bali, including the Osing people, many whom still carry on the Balinese faith. While it is unclear if the Jero Gede to the left was collected in Banyuwangi, East Java (capital of the old kingdom Blambangan that was ruled by Bali) or Jembrana, West Bali, its unusual characteristics, in particular the use of dots, may confirm that the Barong Landung was once performed in West Bali and perhaps even East Java. The mask is also notable because it has a hinged jaw unlike the majority of Barong Landung.",-7.802257,110.359438,TP138.jpg
139,TP139,Lanang ,1930,"Museum Sonobudoyo, Yogyakarta",,"Because of the absence of evidence, it has been long assumed that Bali's westernmost regency, Jembrana with its capital in Negara, never had a dynamic mask dance tradition. So too, many have forgotten the thousand year old cultural ties between East Java and Bali, including the Osing people, many whom still carry on the Balinese faith. While it is unclear if the Jero Gede to the left was collected in Banyuwangi, East Java (capital of the old kingdom Blambangan that was ruled by Bali) or Jembrana, West Bali, its unusual characteristics, in particular the use of dots, may confirm that the Barong Landung was once performed in West Bali and perhaps even East Java. The mask is also notable because it has a hinged jaw unlike the majority of Barong Landung.",-7.802257,110.359438,TP139.jpg
140,TP140,Jero Gede ,1968,"Private Collection, Bali ",,"These are two examples of Barong Landung masks made at the end of the 1960s. While sold to visitors, in this case a Swiss employee of the Bali Beach Hotel who arrived in 1968, the makers were not really producing for tourists but rather taking advantage of their art to sell to a new market. While the paint used is made of natural pigments, the gold leaf has been replaced with far less expensive paint, which uses another metallic substitute. The beneficent oval face and fine features of Jero Luh radiate a peace the appearled to foreigners. In contrast and in spite of his jovial expression, Jero Gede with his large buck teeth and fangs never achieved the same popularity.",-8.409518,115.188916,TP140.jpg
141,TP141,the Wife Of Jero Gede ,1900,"National Museum of Indonesia, Jakarta",,"With a jutting forehead that looms over her eyes, high cheekbones, large ears, a fleshy chin and delicate nose and mouth, the white-complexioned giantess Jero Luh has the aura of an otherworldly creature. The size, imagination and generous use of gold leaf to decorate her face, perhaps showing wrinkles, is a sign that the mask was commissioned from a master artist by a wealthy patron: likely a palace, temple or village organization. Along with her husband and children, Jero Luh, who some say has Chinese blood, wanders the village streets with a special orchestra at the end of the Galun-gan-Kuningan Festival, engaging in witty call-and-response poetry. After finishing a refrain, each of the giant puppets swirls and bounces up and down with mirth before moving on to the next corner",-6.176424,106.821815,TP141.jpg
142,TP142,Jero Luh ,1900,"Museum Bali, Denpasar",,"Dating from the 19th century, this example is a more classical depiction of Jero Luh featuring a large forehead with bump (a sign of wisdom). curved slit eyes, prominent cheeks, a slightly open mouth and square chin. The mask was purchased by the museum as an antique in 1932. though it most certainly dates from an earlier period. As sacred masks, Barong Landung are the property of temples. They are replaced on rare occasions and only for important reasons such as when they are damaged, or when an omen, dream or message is received from the spint world through a trance state. When this happens, the masks are 'decommissioned in accordance with various ntuals, at which point they can be sold.",-8.657398,115.218579,TP142.jpg
143,TP143,Jero Luh ,1900,"Museum Bali, Denpasar",,"In contrast to the black or brown complexion of her husband, Jero Luh's skin is usually white or a light shade of yellow. This, along with the narrow curves of her eyes, have led to speculation that she represents someone of Chinese heritage. The curves of her eyes here are particularly strong, as is her pointy chin. Despite the pronounced bump on her forehead and her detached, if not otherworldly, expression, she gives the impression of a benevolent character with the slightest hint of a smile. Although the mask was donated to the museum in 1936 by the famed Austrian novelist Vicki Baum, who authored the best-selling book Love and Death in Bali (1937), it is actually far older. She may have obtained It through the good graces of her friend Walter Spies.",-8.657398,115.218579,TP143.jpg
144,TP144,"Wewe Putih, Kang Ching Wie ",1800,"Museum Sonobudoyo, Yogyakarta",,"With a concave highly stylized face with cresent-shaped eyes, elongated ears, a sharp beakish nose, full cheeks, wavy mouth and pointy chin, this is a very early example of Jero Luh collected by the Java Instituut in the 1920s. Much of the original white natural color has worn off exposing the fine-grained balsa-like wood, pule, below. Red cinnabar is still seen on the eyes, ear holes and lips. There are also traces of red curled decorations on the face.",-7.802257,110.359438,TP144.jpg
145,TP145,Jero Luh ,1937,"Collection Nationaal Museum van Wereldculturen, Leiden",,"Giantess Jero Luh, with her striking white complexion and bulging forehead, exudes a mysterious, if not otherworldly, aura. This impression is challenged by her blood red lips, thin black facial lines, slit eyes, and holes for earplugs. In comparison to the hilarious expression of her husband Jero Gede, with his buck teeth and mirthful grin, Jero Luh appears to be inscrutable. Published in Exposition d'Art Indonésien (1953) and on page 311 of Bali. Art, Ritual, Performance (2011).",52.164104,4.483984,TP145.jpg
146,TP146,Jero Luh ,1968,"Private Collection, Bali ",,"These are two examples of Barong Landung masks made at the end of the 1960s. While sold to visitors, in this case a Swiss employee of the Bali Beach Hotel who arrived in 1968, the makers were not really producing for tourists but rather taking advantage of their art to sell to a new market. While the paint used is made of natural pigments, the gold leaf has been replaced with far less expensive paint, which uses another metallic substitute. The beneficent oval face and fine features of Jero Luh radiate a peace the appearled to foreigners. In contrast and in spite of his jovial expression, Jero Gede with his large buck teeth and fangs never achieved the same popularity.",-8.409518,115.188916,TP146.jpg
147,TP147,Kapiwara ,1930,"Museum Sonobudoyo, Yogyakarta",,"As indicated by his flame-like stripes, Kapiwara is a tiger, which unlike the lion was native to the island until Balinese subspecies was hunted to extinction in its last refuge in West Bali in the 1930s. Like wild tigers, Kapiwara was solitary and taciturn by character. Despite this he joined the ranks of the highest wanara war councils which gathered before each battle to plan their latest strategy to defeat the fearsome raksasa warriors defending the impregnable castle of Alengka. As the underlying forms of most of the masks, except for the ears, are virtually identical, the best way to identify characters is by studying their painted surfaces. As in this case stripes make it clear this is a tiger.",-7.802257,110.359438,TP147.jpg
148,TP148,Patih Kebo Ijo ,1930,"I Made Nyarikan Sriada Family Temple, Denpasar ",,"The greenish hue of the mask's complexion is no doubt influenced by Kebo ljo's name, which literally means the green water buffalo. After surreptiously murdering Tunggul Ametung himself, Ken Arok, the future founder of the Singosari Dynasty, hatched a plot to blame Kebo ljo for the foul crime by presenting him with the murder weapon as a gift. Vain and proud, Kebo ljo strutted about showing off the keris to all and sundry thus unwittingly setting himself up as the prime suspect. While Ijo managed to escape, Ken Arok would marry Ametung's widow, Ken Dedes, who was celebrated as the most beauteous woman in the kingdom. Here Kebo Ijo is depicted as a staid bald-ing aristocrat with long sideburns and a moustache.",-8.65528,115.21734,TP148.jpg
149,TP149,"Patih Nabrang, Primw Minister Kebo Anabrang",1800,"Collection Nationaal Museum van Wereldculturen, Leiden",,"A mature man with strong facial features and a dark tan complexion reflecting his earthy character and martial prowess, Kebo Anabrang was sent by a cabal of ministers in Raden Wijaya's court to kill their rival, Ranggalawe. Of bad temper, Kebo Anabrang, fulfilled the task without mercy. This so enraged Lembu Sore, Ranggalawe's uncle, that he stabbed him from behind to avenge his nephew's death.",52.164104,4.483984,TP149.jpg
150,TP150,Kebo Anabrang ,1930,"Collection of the Griya Pidada Family Temple, Klungkung ",,"Kebo Anabrang was a general in the army of Kertanegara, the last king of the Singosari Kingdom who ruled in the second half of the 13th century. With a ochre red face and full, bushy beard, Anabrang epitomizes the image of a resolute if not cruel military leader. In 1286, he was commander of the Pamalayu Expedition, sent to South Sumatra to enforce its vassal status. He would return to Java in 1293 bringing with him two young princesses to be presented to Kertanegara only to discover he had been murdered the year before. Instead he presented the girls to Raden Wijaya who enlisted his help in his struggle against the rebel Jayakatwang and invading Chi-nese army. A minister in Majapahit Empire, Anabrang was enlisted by Patih Nambi and Mahapati to attack and kill their rival Ranggalawe. In turn he was stabbed to death of Ranggalawe's uncle Lembu Sore.",-8.535487,115.406221,TP150.jpg
151,TP151,Kebo Iwa,1955,"Collection Sanggar Seni Kakul, Batuan",,"Also known as Kebo Taruna, literally the virgin water buffalo, Kebo Iwa was by most accounts a mighty giant with an insatiable appetite who aided Pasung Grigis, prime minister of Beda Ulu, the king of Bali. Able to stand up and walk only days after he was born, Kebo Iwa was a free spirit who wandered through the wilds of Bali carving out temples from stone cliffs using his fingernails. He was also an enigmatic character who appears to have been naive and simple-minded. In Kebes' version he appears dark-skinned, pudgy and with a squinched face. Opposite, he is shown with bright eyes with khaki complexion and full cheeks. The latter is certainly because of another of his nicknames, Kebo Temben or the chubby waterbuffalo. Often likened to an ancient race of Titans that populated Bali, Kebo Iwa was so powerful that Gadjah Mada resorted to trickery. Heartsick because his huge size had prevented him from ever finding a match, Gadjah Mada promised him the hand of a beautiful princess. Luring him into a trap, the cunning minister called out in panic saying that she had fallen in a deep well. Eager to save her, Iwa descended to the bottom when the Majappahit troops trapped him with stones and slaked lime. Realizing his time had come, Iwa surrended to his fate.",-8.584877,115.277934,TP151.jpg
152,TP152,"Patih Kebo Kepetengan, Minister Kebo Kepetengan",18th century,"Collection Nationaal Museum van Wereldculturen, Leiden",,"This character is another one of the nine nobles (Lembusora, Gajah Pagon, Medang Dangdi, Mahisa Wagal, Nambi, Banyak Kapuk, Kebo Kepentingan, Wirota and Wiragapati) who remained loyal to Raden Wijaya after the murder of his father-in-law Kertanegara. With a grim expression, bulging eyes, busy facial hair and two fangs, it is clear that Kebo Kepentengan, despite being a supporter of a righteous king, is of demonic origin (danawa). The golden third eye (urna, cudamani) could also indicate that he is a practitioner of tantric rites.",52.164104,4.483984,TP152.jpg
153,TP153,"Kebo Waruya, Minister Tembem",-,"Private Collection, France",,"Also known as Kebo Taruna, literally the virgin water buffalo, Kebo Iwa was by most accounts a mighty giant with an insatiable appetite who aided Pasung Grigis, prime minister of Beda Ulu, the king of Bali. Able to stand up and walk only days after he was born, Kebo Iwa was a free spirit who wandered through the wilds of Bali carving out temples from stone cliffs using his fingernails. He was also an enigmatic character who appears to have been naive and simple-minded. In Kebes' version he appears dark-skinned, pudgy and with a squinched face. Opposite, he is shown with bright eyes with khaki complexion and full cheeks. The latter is certainly because of another of his nicknames, Kebo Temben or the chubby waterbuffalo. Often likened to an ancient race of Titans that populated Bali, Kebo Iwa was so powerful that Gadjah Mada resorted to trickery Heartsick because his huge size had prevented him from ever finding a match, Gadjah Mada promised him the hand of a beautiful princess. Luring him into a trap, the cunning minister called out in panic saying that she had fallen in a deep well. Eager to save her, Iwa descended to the bottom when the Majappahit troops trapped him with stones and slaked lime. Realizing his time had come, Iwa surrended to his fate.",46.227638,2.213749,TP153.jpg
154,TP154,Kebo taruna ,1955,Collection of I Wayan Tangguh-Ketut  Kodi (kediaman seniman),,"This unusual mask-with a jutting forehead, a bulbous, curved nose, large eyes, an open mouth exposing his upper teeth and a prominent moustache carved in wood-depicts the immensely strong primordial giant, Kebo Iwa, who roamed Bali before the coming of Hinduism. A mythological figure, he is believed to have carved temples out of rock with his fingernails. It also said that he was one of the commanders of the Kingdom of Beda Ulu at the time of the Majapahit invasion of Bali in 1343. Kebo Iwa came to a tragic end after the commanders of the Majapahit invasion lured him to Java by offering him the hand of a beautiful princess, Lemah Tulis, as part of a peace settlement. Instead, he was trapped in a well where he died. His story lives on as a potent symbol of the collapse of the old ways.",-8.59431,115.25359,TP154.jpg
155,TP155,Ken Arok ,1940,"Collection of the Griya Pidada Family Temple, Klungkung ",,"According to the Pararaton, Book of Kings, Ken Arok, the founder of the Singosari 12-13th century Singosari Kingdom, was of common birth despite his attempts to claim otherwise. A cunning but impatient and violent man, who's path to the throne was strewn with intrigue, lust and blood. Infamously, in a mighty affirmation of the law of Karma, his rule was cut short fulfilling the curse of the priestly keris maker Mpu Gandring in one of most popular legends on Java and Bali. Known as Ken Dedes it begins with Ken Arok plotting to murder of Tunggul Ametung to seize his wife and throne using a magical keris. His obsession to possess her led him to stab Mpu Gandring with the weapon before it was finished. In his dying breath he predicts that Ken Dedes would also meet his end with the same weapon.",-8.535487,115.406221,TP155.jpg
156,TP156,"Monyer, Topeng Kenyem Manis",1947,"I Made Nyarikan Sriada Family Temple, Denpasar ",,"The character, Monyer, the Balinese word for sassy, was the creation of I Nyoman Pugra (1915-1975), one of the dancers in Sriada's dance troupe, Topeng Duwe. With a prominent nose, sweet smile and curved moustache, Monyer was a clown full of joyous energy and hilarious choreography that caught the imaginations of Balinese audiences. The character also resembles Stan Laurel who's black and white comedy films with Oliver Hardy were being shown on Bali before the war. The name of the mask maker, I Made Jimbaran, is inscribed on the back side along with 1947, the year that Sriada passed away.",-8.65528,115.21734,TP156.jpg
157,TP157,I Gusti Anglurah Sakti,1934,"Museum of Puro Mangkunegaran, Solo ",,"The face seen here mirrors the archetype of a strong warrior-king determined to vanquish his enemies against all odds, which is true of I Gusti Panji Sakti, who not only single handedly forged a powerful new kingdom in north Bali in the 17th century but also defeated a superior invading Javanese army with no help from Bali's other kingdoms. Gusti Panji based his legitimacy on the claim he was the son of Dalem di Made, the last king of Gelgel. According to rumor, however, it was also said that he was the illegitimate child of a beautiful but common village woman working in the court. Kerebuak's choice to give him a dark reddish complexion was certainly based on his nickname 'Barak', the Balinese word for red. The color and his bushy hair also suggests humble origins.",-7.566756,110.823071,TP157.jpg
158,TP158,Ki Pasung Grigis ,1955,"Collection Sanggar Seni Kakul, Batuan",,"Of royal descent and a capable military strategist, Ki Pasung Grigis, led the armies of the Kingdom of Bali against the invading troops of the Majapahit armies in 1343. The conflict was going badly especially after the death of his student, Kebo Iwa. Grigis continued to put up a fierce resistance but was finally overwhelmed by the superior Javanese forces and captured. Praised by the new regime for his courage, he finally agreed to serve them. To prove his loyalty he led troops against Dedela Nata, the raja of Sumbawa who rose up in rebellion. While he was ultimately victorious, Grigis would perish along with Nata during a hand-to-hand duel. With a steely gray complexion, chubby cheeks and an open expression, Kebes delighted in bringing those behind the throne to life.",-8.584877,115.277934,TP158.jpg
159,TP159,"Ki Pasung Grigis, Prime Minister of the Kingdom Of Bedahulu ",1930,"Collection of the Griya Pidada Family Temple, Klungkung ",,"The son of an ascetic, Pasung Grigis was the prime minister of the raja of Bedulu kingdom, so-named because its ruler had the head of a pig, at the time Bali was invaded by the forces of the Majapahit army in 1343. After the death of his liege lord, Grigis chose to swear fealty to the conquerors. Appointed a minister in the new regime, he was subsequently ordered to put down a rebellion on Sumbawa led by Dedela Nata. While the mission was successful, Grigis died as a result of wounds inflicted by Dedela. Portrayed as a powerful and intelligent man (Patih Deling Keras) with curly hair and a mustache, Grigis wears a large golden diadem with a row of pointed lotus petals at the crown and three five-petaled blossoms underneath.",-8.535487,115.406221,TP159.jpg
160,TP160,"Kumbakarna,Younger Brother of Rawana ",1900,"Museum Bali, Denpasar",,"Despite his ferocity and many evil deeds, the gargantuan raksasa demon Kumbakarna, in contrast to his brother Rawana, was a great warrior of good character. At the outbreak of the war, he is absent because of a trick that was played upon him by the gods to prevent him from obtaining a powerful magically weapon. They cursed him to sleep for six months at a time, and to always wake up in a bad mood with an insatiable appetite. As the war begins to go south, Rawana orders Kumbakarna to be awoken from his slumber before his time. Angry and sullen, when he hears the story of events, Kumbakarna berates his brother for deviously kidnapping Sita rather than honorably defeating Rama in battle. After knocking Sugriwa unconscious in battle, Kumbakarna is finally killed in an epic battle with Rama. With a round face, short forehead, curly eyebrows, prominent third eye and small chin, Kumbakarna appears to be laughing with malicious glee, exposing his teeth and fangs. Nicknamed Joe, Akira Miura was a Japanese businessman with a bicycle repair shop in Denpasar. During the Japanese Occupation he was enlisted as a translator and later served a number of administrative posts including a short appointment as director of the Bali Museum.",-8.657398,115.218579,TP160.jpg
161,TP161,"Laksmana, Brother of Rama ",1930,"Museum Bali, Denpasar",,"Prince Laksmana is the younger brother of Rama, the prince of the Kingdom of Ayodia. As a result of an oath their father swore to his younger wife, Kekayi (Kaikeyi), to place his son by her on the throne, he is forced to banish Rama, Laksmana and Sita from the kingdom for twelve years. Masks of the two brothers are, not surprisingly, very similar, however, Rama's jewelry is usually more sumptuous. In addition his moustache shows more flair expressed in jaunty curves. Laksmana is the archetype of the capable and loyal brother in arms always willing to sacrifice himself to protect and serve. While he plays a secondary to Rama, several such as his spurning of he Rawana's sister. Surpanaka, are key to the story.",-8.657398,115.218579,TP161.jpg
162,TP162,"Leyak, Unidentified Witch",1900,"Museum Bali, Denpasar",,"Having lost its original polychrome and vanous attachments, this early example of a leyak witch from North Bali allows a careful study of the interplay of forms and symbols on such masks. The top of the face is dominated by large round eyes with two

upper lines and arching, wavy eyebrows like fans. The radiating shapes, arching tops, deep grooves and connector between the eyebrows are all specific to the style of Rangda masks made in the Singaraja region. Two leaves are tucked into the ears. A large nose with flared nostrils stands above a thick upper lip and a row of square teeth with gaps. The mouth is wide open, with a thin lower lip and chin. The curved tusks usually seen on leyak masks are missing.",-8.657398,115.218579,TP162.jpg
163,TP163,"Leyak Peceng, One-eyed Witch",2000,"Museum Bali, Denpasar",,"This fearsome asymmetrical mask depicts a deformed acolyte of a wrathful form of Dewi Durga, the goddess charged with overseeing the rites of death (upacara yadnya) and sorcery. It is a reminder that in the Balinese tradition and imagination, there are scores, if not hundreds, of distinct but related incarnations of dark magic practitioners. There are numerous esoteric palm-leaf manuscripts (lontar) that list the names and characteristics of these personages, some of which are even illustrated. The Dutch scholar Christiaan Hooykaas (1902-1979) documented many of these in his book, Toverij op Bali, Magische Tekeningen (Sorcery on Bali, Magical Drawings, 1980).",-8.657398,115.218579,TP163.jpg
164,TP164,"Leyak Peceng, One-eyed Witch",1800,"National Museum of Indonesia, Jakarta",,"Pockmarked, missing an eye and with a crooked mouth, this menacing woman with white dots outlining her eyes and forehead has royal origins, seen in her large golden earplugs and the row of golden blossoms across her crown. She has been identified as a follower of Ki Balian Batur, a fear-some early 18th-century sorcerer who lived in Desa Teledu Nginyah, Kin-tamani, the village on the slopes of the Mount Batur volcano overlooking Lake Batur. Ki Balian Batur, also known as the Raja of the Leyak Witches, was believed to be responsible for a series of deadly pandemics (grubug) that raged in East Bali during this period.",-6.176424,106.821815,TP164.jpg
165,TP165,"Leyak, Witch ",1900,"Museum Bali, Denpasar",,"Leyak is a generic term used for all females in service to Durga, the goddess who presides of cemetaries and rituals concerning death. Although well-worn, the liberal use of cinnabar and gold leaf is still visible, especially on the flaming eyebrows and earplugs. With a penetrating gaze, the curvilinear lines of her mouth and sneering upper lip are also noteworthy. In many ways she resembles more of an animal, indicating she is a shapeshiftenr. It does not appear that she ever had a tongue probably indicating that she was a lesser figure among the many servants of the goddess.",-8.657398,115.218579,TP165.jpg
166,TP166,"Lembu Sore, Mpu Sore",1920,"Museum Bali, Denpasar",,"Lembu Sore was the uncle of Ranggalawe and one of the knights who remained loyal to Raden Wijaya in his darkest hours. After the founding of the Majapahit Kingdom in 1293. he became the victim of court intrigue and was sent to a minor post on the island of Madura. This so affronted Ranggalawe that he marched to the capital to confront the king, giving his his enemies the opportunity to brand him in absence as a traitor. His death sentence was carried out by Kebo Anabrang, who not only did the deed but also tortured and mutilated him. This so enraged Lembu Sore that he attacked Anabrang from behind and stabbed him to death. Declared a criminal, Sora was subsequently banished from the kingdom. Whereas most depictions of old men have white complexions and a more contemplative demeanor, this example-with large, piercing round eyes and a dark complexion that stands out in contrast to the long white mustache and bushy eyebrows-retains much of the vitality of youth.",-8.657398,115.218579,TP166.jpg
167,TP167,Mantri,1938,"Collection Nationaal Museum van Wereldculturen, Leiden",,"While the Barong Landung is best known for its two main figures-the black-faced Jero Gede and his white-faced wife, Jero Luh-in certain areas in the region of Denpasar, these giant puppets are joined by their children and other personages. The group wan-ders through village streets at the end of the Galungan-Kuningan festivities, spreading mirth with their quirky movements and bawdy call-and-response couplets.

These two resplendent masks show Mantri, the son who's name implies that he is well-educated, and Galuh, or princess. In contrast to their odd-looking parents, they appear to be handsome aristocrats. Their status is emphasized by the light color of their skin (flesh-tone and cream), and large golden ear ornaments: Mantri's are pais-ley-shaped while Galuh wears round earplugs (subeng). In addition, Galuh wears a beautiful crown encrusted with jewels that rises above her hairline. What they do share with Jero Gede and Luh are a pair of extremely large ears that point out to the side. This may have to do with a prevailing belief in Eastern countries that large ears are a sign of intelligence and good character.",52.164104,4.483984,TP167.jpg
168,TP168,"Mayadenawa, Abiseka ",1934,"Museum of Puro Mangkunegaran, Solo ",,"Son of the raksasa demon, Sri Jaya Pangus, and Dewi Danu, the goddess of Lake Batur, Sri Mayadenawa was a mighty practitioner of the dark arts which he used to establish hegemony over Bali and the neighboring islands in the 11th century. As his power grew so did his arrogance. Believing himself invincible, he ordered the populace to make offerings and prayers to him rather than the gods and ancestors. This so enraged the priest, Mpu Sangkul Putih that he mounted Gunung Agung and asked them to intervene. Confronted with the army of Indra, the king of the gods, Mayadenawa fled to Tampaksiring and resorted to magic to throw his pursuers off his path. In the end, he would take on the form of jungle fowl (manuk), but was finally trapped and killed. Villainized as the epitome of evil (adharma), his defeat is celebrated every 210 days during the Galungan-Kuningan Festival. In an alternative reading, it has been speculated that Mayadenawa was a Buddhist who sought to break the monopoly of the Shaivite priests.",-7.566756,110.823071,TP168.jpg
169,TP169,Wredah,1937,"Collection Nationaal Museum van Wereldculturen, Leiden",,"Whereas on Java Merdah is Twalen's younger brother, on Bali he is also known as his son. Like his father, Merdah is short, dark-skinned and ugly. Whereas Twalen has a short nose, Merdah's is huge. Considered wise and trustworthy, he is a valuable aid and constant companion to his father. The leather crown of the mask is decorated with motifs using yellow pigment, which was frequently employed by troupes who could not afford the luxury of pure gold leaf (perada).",52.164104,4.483984,TP169.jpg
170,TP170,Wredah,1940,"Private Collection, Bali ",,"Done in the realistic style of Singapadu, Merdah with a light brown face and yellow lips still wears his original crown which is delicately perforated buffalo leather which has been gilded and inlaid with mirrors. His elongated earlobes have been stretched by heavy missing earplugs. While Wayang Wong performances became increasingly are in the 20th century masks centers continued to produce them to sell to foreigners.",-8.409518,115.188916,TP170.jpg
171,TP171,Wredah,1920,"Museum Bali, Denpasar",,"With a gray complexion, deep wrinkles drawn in white, almond-shaped eyes, flapping ears that stick out to the side, a prominent nose, large chin and a thick-lipped open mouth exposing two teeth, this depiction of Wredah shows similarities to Jero Gede, the male figure in the Barong Landung dance. The mask was made by another famed mask maker, Ida Bagus Oka Kerebuak, from Griya Pidada Klungkung, East Bali.",-8.657398,115.218579,TP171.jpg
172,TP172,"Wredah, Son of Twalen",1900,"Museum Bali, Denpasar",,"Kedingkling, also known as Blas-Blasan, is a rare sacred dance only performed in a handful of villages. Because the dancers wear masks identical to those of the Wayang Wong, it is difficult to distinguish between the two forms, and Kedingkling could arguably be seen as a local form that originated from Wayang Wong. Wredah, like his father, is a wise advisor to Prince Rama, a role that is clearly mirrored in the profound expression of this remarkable mask. It was created in the 19th century by I Made Lontar, who trained under the master mask-maker Tjokorda Api of Singapadu. Other masks made by these two master artists are still used in Singapadu for ritual performances.",-8.657398,115.218579,TP172.jpg
173,TP173,"Gareng, Son of Twalen ",1930,"Museum Sonobudoyo, Yogyakarta",,"These two masks, together with those on the previous page, belong to the same set originally collected by the Java Instituut, which worked actively in Bali and Lombok, as well as Java.

They are now in the collection of the Sonobudoyo Museum in Yogyakarta. Consisting of two advisors to the hero Rama, Twalen and Wredah, and two to his adversary, Rawana, Delem and Sangut. Together the four are known as punakawan from the root words panah (to understand) and kawan (friend), thus those who understand their friends. On Bali they are often referred to as penasar from the root word dasar or foundation.

Despite their odd exteriors and comic antics, they are in essence spiritual advisors to kings and princes.",-7.802257,110.359438,TP173.jpg
174,TP174,Wredah Son of Twalen,1900,"Museum Bali, Denpasar",,"This image of Merdah, the intelligent and resourceful son of Twalen who aids his father in advising the wise king, displays a thought-provoking pathos that is unusual for this character. Usually shown with a somewhat animal-like nose and lower face, here Merdah's elongated face, olive complexion, downcast eyes and open red lips seem both human and contemplative. Although there is no direct connection, the mask is also reminiscent of the Western archetype of the sad-eyed clown. The discovery of such distinct and powerful masks raises that fall out of the classic canon be the question of whether they are one-offs or survivors of larger sets.",-8.657398,115.218579,TP174.jpg
175,TP175,Patih Momo Simurka,1938,"Private Collection, Bali ",,"At the time that Arjuna was performing spiritual penance on the slopes of Indrakila Mountain, the raksasa, Niwatakawaca, ordered his prime minister Patih Momo Simuka, to kill the young Pandawa on his behalf. To do so he assumed the shape of a wild boar. Charging him with his fierce tusks, Arjuna, who was in deep meditation, shot him with an arrow without breaking his concentration. Suddenly a disgruntled hunter showed up claiming the carcass has his own. A battle ensued but before anyone was hurt Arjuna realized his foe was an incarnation of Siwa, who granted him a boon.",-8.409518,115.188916,TP175.jpg
176,TP176,Nagabanda Dragon,1930,"Museum Sonobudoyo, Yogyakarta",,"Primordial creatures of enormous power, Naga dragons were viewed with both awe and reverence for in spite of the dangers they posed, they would often come to the aid of humans granting them boons. Guardians of the waters, fertility, gold, precious stones, Naga, by nature asocial, were believed to reside in caves beneath great mountains.",-7.802257,110.359438,TP176.jpg
177,TP177,I Gusti Ngurah Kanca ,1937,"Collection Nationaal Museum van Wereldculturen, Leiden",,"This mask depicts | Gusti Ngurah Kanca, a minister in the court of Dewa Agung, the first raja of Klungkung. Dynasty which was established after the fall of the Gelgel. Together with I Gusti Ngurah Jelantik and I Gusti Ngurah Pacung (Arya Sentong), Kanca conquered both the Sasak kingdoms of Lombok and Nusa Penida, the island just south of Klungkung. They were rewarded by the raja for their victories with a magical spear named Baru Jaruju. The relationship between the three comrades soured after Gusti Jelantik refused Kanca's request to marry his daughter on the grounds she had already been promised to Arya Sentong. Consumed with anger, Kanca slandered his old friends. After Gusti Jelantik told the raja that Kanca was planning a rebellion, the king issued a death sentence. Luckily, it was rescinded at the last moment after it came to light that this was not true.",52.164104,4.483984,TP177.jpg
178,TP178,The Witch,1920,"Museum Bali, Denpasar",,"With a dark complexion, piercing eyes, big nostrils and a gaping mouth with large lips, Ni Garu grins with evil glee. She plays a key role in the story of I Gede Basur-by day a respectable minister of the Udayana Dynasty ruling Bali, yet by night a fearsome practitioner in the dark arts. While young and innocent she falls in love with Basur's worthless son, I Tigaron, who despite his own ugly exterior, insults and humilates her in public. Inconsolable, she flees to the cemetery where she meets Bhatari Durga, the goddess of the underworld, who initiates her into the dark arts. After becoming an adept she returns and defeats and exposes the evil Basur in a magical battle of epic proportions.",-8.657398,115.218579,TP178.jpg
179,TP179,The Witch,1900,"Private Collection, Bali ",,"With a dark complexion, piercing eyes, big nostrils and a gaping mouth with large lips, Ni Garu grins with evil glee. She plays a key role in the story of I Gede Basur-by day a respectable minister of the Udayana Dynasty ruling Bali, yet by night a fearsome practitioner in the dark arts. While young and innocent she falls in love with Basur's worthless son, I Tigaron, who despite his own ugly exterior, insults and humilates her in public. Inconsolable, she flees to the cemetery where she meets Bhatari Durga, the goddess of the underworld, who initiates her into the dark arts. After becoming an adept she returns and defeats and exposes the evil Basur in a magical battle of epic proportions.",-8.409518,115.188916,TP179.jpg
180,TP180,The Witch,1920,"Museum Bali, Denpasar",,"Ni Garu is a female practitioner of black magic who uses her occult power derived from Bhatari Durga (Goddess of Mrajapati) to kill her male nemesis, the sorcerer I Gede Basur, who appears in some versions of the Calonarang Dance (Panyalonarangan). With a red complexion, round face, slit eyes, arched eyebrows, a small nose, wild hair and a large mouth exposing her the evil grin of her upper and lower teeth, Ni Garu presents a formidable and dangerous foe.",-8.657398,115.218579,TP180.jpg
181,TP181,Ni Garu ,1936,"Private Collection, United States",,"A refined minister in the 11th Udayana court by day, I Gede Basur, was a secret practitioner of magic, which he surreptiously used to advance and enrich himself unbeknowst to his peers. One time after a pretty village girl and her father refused to marry his ugly son because she was bethrothed to another, he cast a spell of pestilence on her entire village that caused them all to die. Basur would meet his match in the form of Ni Garu, a plain looking silly girl who fell hopelessly in love with his son, I Tigaron, who cruelly humiliated her for daring to think she was his equal. Overcome with shame the girl flees to the cemetery to kill herself where she encounters Bhatari Durga, the goddess of the underworld, who invites her to become a member of her witches; coven. Developing amazing powers, she would challenge and defeat Basur and expose him as a sorceror. Here Basur is shown in a demonic form with a greenish pallor, broad nostrils, wild hair and enomrous red lips with black and white teeth. Ironically he closely resembles the yellow faced Garu who shares the same intense expression and enormous lips. Both masks are from the same maker.",40.7128,-74.006,TP181.jpg
182,TP182,"Jaran Guyang, Nyi Goyeng ",1800,"Museum Bali, Denpasar",,"Wide-eyed and staring directly forward with her mouth agape, this ominous mask shows the shape-shifting witch (leyak) Nyi Guyang in her human form.

Her unruly hairdo and prominent ears with large red earplugs add to the impression of wild power. Guyang is an apprentice of the sorceress Rangda (also known as Ratu Gede Mecaling), and an inner member of her witches' coven. Her mastery includes the making of love potions (ilmu pelet) and shape-shifting, and she is often depicted in her favorite alternative form as a tiger. In some performances she also becomes a yellow horse, for which she is known as Nyi Jaran Guyang.",-8.657398,115.218579,TP182.jpg
183,TP183,Disciple of Calonarang,1800,"Museum Bali, Denpasar",,"With a round white face, large earplugs, evil-looking slanted eyes, wide nostrils and a gaping grin exposing her teeth, this mask depicts Nyi Lendi, the younger sister of Nyi Lenda, in her human form. Lendi and Lenda are both members of inner circle of the witches' (leyak) coven presided over by Calonarang, the servant of Dewi Durga, a wrathful form of the goddess who oversees all rituals pertaining to death and the afterlife. Nyi Lendi is a master shape-shifter who specializes in assuming the form of a checkered tiger (macan poleng). Usually shown in her witch form, the mask-maker here plays the thin line between the style of the mean-spirited female maidservant (bondres) and early forms of the dark magic practitioners who live hidden among the populace.",-8.657398,115.218579,TP183.jpg
184,TP184,"Nyi Lendi, The Tiger Witch ",1900,"Museum Bali, Denpasar",,"Nyi Lendi, the younger sister of Nyi Lenda, is also a member of Rarung's inner circle. Among her many powers is the ability to suddenly burst into an incandescent flame and incinerate her enemies. Her most potent destructive form, for which she is most infamous, is that of an all-powerful tiger demon. The surface of this red mask is covered with dots, markings known as checkered tiger (macan poleng). Notably these splotches with their black outlines more resemble the spots of a leopard (macan tutul), which like the tiger is native to Bali. It is possible that the artist wished to visualize her ability burst into flame.",-8.657398,115.218579,TP184.jpg
185,TP185,The Witch Lenda ,1900,"Museum Bali, Denpasar",,"The sorceress Calonarang is a wrathful incarnation of the goddess Durga, who rules over the Underworld Her female disciples are usually depicted with all of their goddess' fearsome attributes, including fangs, tusks and a long flaming tongue. However, as seen in this mask, this is not always the case. Lenda is the most intelligent of Calonarang's acolytes. An expert in black magic, she is the author of several palm-leaf manuscripts on the dark arts, including Cambra Barag. She is also a shape-shifter who can take the form of a dog-demon. Here she is depicted with a white complexion, large round eyes, a short nose, prominent nostrils and a roundish mouth with four jutting teeth. Her matted hair is thick and she wears egg plant shaped earrings. While no great beauty, Lenda's demonic origins are not immediately apparent.",-8.657398,115.218579,TP185.jpg
186,TP186,Nyi Lenda ,1900,"Museum Bali, Denpasar",,"Nyi Lenda is one of the senior acolytes of Rarung's coven of witches, who serve the wrathful form of Dewi Durga, the goddess of death and disease. Lenda is considered the most intelligent of the group and a scholar who authored numerous palm-leaf manuscripts on the subject of black magic. Like her sister Lendi is a shapeshifter, who prefers the form of a demon dog. With long, curved lower tusks extending far out to the sides and an extended row of upper incisors, she is often mistaken as Rangda. Gilded flames, symbolic of her magic powers, rise up from her forehead, while spiral flames made of perforated water buffalo hide spring out of the sides of her mouth. A long tongue swirling with power hangs from her open mouth.",-8.657398,115.218579,TP186.jpg
187,TP187,Rangda Ma Ulu,1900,"Museum Bali, Denpasar",,"Known as the right hand of Rarung, Nyi Waksirsa seen here with long curved tusks and razor-sharp bristles, specializes in taking on the form of a vicious demon boar. Her ferocity is expressed in bulging round eyes and a large mouth with a border of dark hair. She wears two round engraved discs as earplugs in her ears, which stand out sideways from her head. Two large horn-like triangles are seen on either side of her crown. The art of shapeshifting can be traced back to seeking the aid of animal spirits through supernatural spells.",-8.657398,115.218579,TP187.jpg
188,TP188,"Raja Tua, The Old King",1970,"Griya Danginan, Mas",,"While firmly based on the mask of the old raja who relives his past glories in Pajegan and Panca performances, after working together with Japanese dancers began imbuing many of his new masks with Japanese aesthetics in this case a character from the Noh tradition, known as Kojo or the old man. Representing dignity and divinity, Kojo is a sacred figure of veneration. In other cases Anom, soon followed by other mask makers also began make reproductions of Japanese masks. Most were destined for export with little influence on traditional Balinese dance. This mask was used in Balinese per-formances and is now in the private collection of Anom's family com-pound.",-8.54362,115.26985,TP188.jpg
189,TP189,"Raja Tua, The Old King",1930,"Collection Sanggar Seni Kakul, Batuan",,"These two depictions of the Old Raja, one from before the war, the second the 1970s, represent the opposite ends of a creative spectrum that endured for some seven decades. It is interesting to note that this particular character is virtually unknown before the rise of Topeng Panca in the 1920s. Free of many of the religious and ceremonial restrictions of Pajegan, because Panca groups consisted between four and nine dancers, it was possible to increase the tempo of performances and allow individual dancers to develop and specialize in roles. Well-received by audiences, they also brought fame to the best dancers. In both depictions, the Old Raja cuts and elegant figure, despite the ravages of age seen in long white disorderly facial hair and deeply grooved age-lines amplified by wide-eyed worried expressions. Born in the 19th century, Kebes would play a leading role in the development of new characters or ways of depicting them before his death in 1962. The far younger Tangguh would achieve his fame in the 1970s during the postwar era.",-8.584877,115.277934,TP189.jpg
190,TP190,"Raja Tua, The Old King",1970,"Private Collection, France",,"These two depictions of the Old Raja, one from before the war, the second the 1970s, represent the opposite ends of a creative spectrum that endured for some seven decades. It is interesting to note that this particular character is virtually unknown before the rise of Topeng Panca in the 1920s. Free of many of the religious and ceremonial restrictions of Pajegan, because Panca groups consisted between four and nine dancers, it was possible to increase the tempo of performances and allow individual dancers to develop and specialize in roles. Well-received by audiences, they also brought fame to the best dancers. In both depictions, the Old Raja cuts and elegant figure, despite the ravages of age seen in long white disorderly facial hair and deeply grooved age-lines amplified by wide-eyed worried expressions. Born in the 19th century, Kebes would play a leading role in the development of new characters or ways of depicting them before his death in 1962. The far younger Tangguh would achieve his fame in the 1970s during the postwar era.",46.227638,2.213749,TP190.jpg
191,TP191,"Raja Tua, The Old King",1940,"I Made Nyarikan Sriada Family Temple, Denpasar ",,"Although Raja Tua almost always appears in Topeng Panca performances, its absence in older collections might indicate that it may be a creation of one or more anonymous Panca mask dancers that subsequently soared in popularity at a later date that is now an icon. There are several notable cases of this happening. One of the masters of this was I Dewa Putu Kebes of Batuan, who is credited for having invented several new characters. Inevitably it requires the combination not only of a great mask maker but also a charismatic dancer who brings it to life. In some cases, the makers and dancers are one in the same.",-8.65528,115.21734,TP191.jpg
192,TP192,Panji Angragani,1930,"Museum of Puro Mangkunegaran, Solo ",,"Originally identified as Rama by our experts, an inscription on the back of the mask has revealed that this self-assured princely figure with golden flowers, a bump between his eyes indicating wisdom, a vigorous moustache and mischievous grin is Panji, the hero of the Malat Cycle. This is an astonishing and important discovery because it has been long assumed that the tales of this perfect prince were only performed in archaic Gambuh plays and Wayang Kulit and had never part of Bali's mask repertoire. As Panji stories, are the subject of mask dances still performed in Cirebon, Solo and Yogyakarta, there can be no doubt that they all, like Gambuh, originated in the Majapahit court thus the likelihood of it existing on Bali, as well, is not illogical. This is further supported by the presence of Panji masks in the Bali Museum and the National Museum in Jakarta.",-7.566756,110.823071,TP192.jpg
193,TP193,"I Gusti Petandakan, Minister to the Gelgel Court",1930,"Private Collection, France",,"With a rich terracotta hue face and well drawn features, I Gusti Patandakan, is done in a realistic style typical of the work of Kerebuak. The grandson of Sri Kresna Kepakisan, the Majapahit appointed ruler of Bali, he joined his grandfather during his tenure on Bali. After the disentigration of the Majapahit Empire, its legacy would pass on to Gelgel with its capital in East Bali. Wise and calm of character, Patandakan was appointed prime minister and served faithfully for many years.",46.227638,2.213749,TP193.jpg
194,TP194,"Patih Deling Keras, Strong Prime Minister",1900,"Collection Nationaal Museum van Wereldculturen, Leiden",,"With the light complexion of an aristocrat and his royal sta-tus confirmed by a ring of golden flowers on his hairline, any sense of refinement in this character is overcome by his intense stare, the wrinkles on his forehead and bushy eyebrows and moustache. This is an early example of the Denpasar style mask in pristine condition.",52.164104,4.483984,TP194.jpg
195,TP195,Forceful Minister,1930,"Private Collection, USA",,"With the light complexion of an aristocrat and his royal sta-tus confirmed by a ring of golden flowers on his hairline, any sense of refinement in this character is overcome by his intense stare, the wrinkles on his forehead and bushy eyebrows and moustache. This is an early example of the Denpasar style mask in pristine condition.",37.774929,-122.419416,TP195.jpg
196,TP196,"Patih Deling Keras, Strong Prime Minister",1900,"I Made Nyarikan Sriada Family Temple, Denpasar ",,"Whereas all masks depicting strong prime ministers are forceful, this example with a distinct frown, reddish-brown face, popping eyes and long vertical lines that appear to be blood vessels appears to be on the brink of explosive anger. This mask may depict Patih Nambi, an important historical figure who was among the comrades supporting Raden Wijaya who would go on to found the Majapahit Empire in 1293. As a reward, Nambi, a clever diplomat and administrator was named the first prime minister. He would also play a role in the tragic tale of Ranggalawe and would finally meet his death at the hands of Jayanegara, the second Majapahit king, after being falsely accused plotting to assassinate him.",-8.65528,115.21734,TP196.jpg
197,TP197,"Patih Deling Manis, Refined Prime Minister",1935,"Asian Art Museum, San Francisco",,"I Ketut Patere, a member of the legendary Pita Maha Balinese Artists' Union, achieved recognition as both a talented sculptor and painter in the Batuan style. The face here is an elongated oval and exudes calmness and peace. Patere's sculpture, too, was often thin and long. The mask is a reminder that majority of the Pita Maha artists, often labeled as modernists, were originally trained in the traditional arts. This was especially true in Batuan, which along with nearby Sukawati and Singapadu, was a famous center of mask making and dancing since the 17th century. The mask of a refined prime minister was bought by the Austrian author, Vicki Baum, in 1935 certainly with the aid of Walter Spies who was her guide on the island while she was doing research for Love and Death in Bali, a novel she published in 1937. Sadly Patere had passed away the year before.",37.780277,-122.41616,TP197.jpg
198,TP198,"Patih Deling Manis, Refined Prime Minister",1972,"Griya Danginan, Mas",,"Nicknamed, the Purple Prime Minister, because of the hue of his skin, this lively mask, created by Ida Bagus Anom, the youngest son of Gelodog, is a fine example an accelerating tendency to experiment with new colors and features that began in the 1970s. Anom was a leader in this trend. Walking in the footsteps of his illustrious father he was one of the main reasons Mas gained the sobriquet of the 'Village of Masks'. He would later experiment fusing features of Noh and Balinese masks into one oftentimes for modern cross-cultural performances. Where he led, many others followed and it did not take long for many other mask making ateliers to spring up along the back alleys of Mas.",-8.54362,115.26985,TP198.jpg
199,TP199,"Patih Deling Manis,Courtier",1935,"Asian Art Museum, San Francisco",,"With the kind smile and gentle features of a Patih Deling Manis, good prime minister, this mask is unpainted except for the staining of the hair and some facial features.",37.780277,-122.41616,TP199.jpg
200,TP200,Patih Deling Manis,1930,"Museum Bali, Denpasar",,"The archetype of the intelligent prime minister (patih deling manis) is not based on a single historical figure but rather an idealized merger of many men such as the 11th century minister of Daha, Mpu Sedah, who was also a famed poet. His greatest work was the Bharatayuddha, the Javanese version of the Mahabharata Epic. With a yellowish patina, the minister stares forward, like a man who knows what he wants. With fine. well formed features and a large golden urna ornament on his forehead, his hairline is decorated with a row of gold disks. While this mask may have been used to represent a specific, now forgotten historical character, it is just as likely that it was used in both Topeng Pajegan and Panca to represent any number of prime ministers with forceful vision and action yet with distinguished characters and good etiquette",-8.657398,115.218579,TP200.jpg
201,TP201,"Patih Deling Manis,Refined Prime Minister",1940,"I Made Nyarikan Sriada Family Temple, Denpasar ",,"Despite sharing the same reddish complexion as the forceful prime minister in the Sriada collection, here there is no sense of aggression, anger or worry. With closed lips, it gives rather the impression of a calm character. The gilded silver ornament between his eyes indicates wisdom and aristocratic origins.",-8.65528,115.21734,TP201.jpg
202,TP202,Bogol ,1930,"Collection of the Griya Pidada Family Temple, Klungkung ",,"With bushy hair and long sideburns connected to his mustache, Patih I Gusti Ngurah Jelantik IV, also known as Bogol, was part of a line of nobles from Blahbatuh who served the Majapahit Empire, its successor Gelgel. It was his father, Jelantik III, who put down an uprising in Blambangan, East Java on behalf of Waturenggong, in the mid-16th century. Upon his return he would present his lord with war booty that included the Gadjah Mada masks now in Blahbatuh. Bogol, too, would achieve military glory in his own right in 1621 after he defeated the rebellious Ki Dalem Bungkut and seized the island of Nusa Penida for his king Dalem di Made. While I Gusti Panji Sakti, the founder of Buleleng claimed to be the legitimate son of Dalem di Made. While he may have been the illegitmate son of Dalem di Made, there is also a rumor that he was the son of Bogol.",-8.535487,115.406221,TP202.jpg
203,TP203,Patih Kebo Angun-angun,1900,"National Museum of Indonesia, Jakarta",,"The Malat Cycle, a 12th century medieval poem, consists of several stories about Panji Amalat Rasmi, the king of Jenggala, and his wife, Princess Dyah Ratna Merta, queen of Kediri. In one, the crown prince Panji denounces his titles and leaves the kingdom after his father refuses to allow him to marry the girl he loves. Worried by his absence, the king sends Kebo Angun-Angun to find his son. His search is fruitless but as he returns he encounters a man, Carang Naga Puspa, who provokes an argument that nearly erupts into a fight before Angun-Angun realizes that he is Panji in disguise. After the king relented and allowed him to marry Dyah, Panji would finally return to Janggala and later ascend the throne, appointing Angun-Angun, shown here as a mature, but somewhat tired aristocrat of high standing, as his prime minister.

Accessioned to today's National Museum at an early date, an inscription on the back of the mask to the left reads, ""made by Ida Bagus Putu Rai of Tabanan"" followed by a mantra, ""May the spirit of Siwa and Pasupati invest this mask with magical power (taksu)."" In addition it identifies this exquisite depiction of a vigorous and handsome young aristocrat as Dalem Panji or King Panji. With intense but compassionate eyes, well-formed features, a dashing moustache. open smiling mouth, red lips and pearly teeth, the portrait is a masterpiece. It is an all the more remarkable find because it is the creation of a previously unknown master from Tabanan, a regency not well known for mask making, sobering proof how much more there is to learn about this ancient art. While now largely sidelined, it should be remembered that the Malat Cycle so resonated with the people of Southeast Asia that it influenced performance arts not only on Java and Bali but also Sumatra, Sulawesi, the Malay Peninsula, Thailand and Burma.",-6.176424,106.821815,TP203.jpg
204,TP204,"Patih Keras, Forceful Prime Minister",1955,"Private Collection, Bali ",,"His manliness symbolized by bushy facial hair, patih keras literally 'hard' ministers, were often dark-skinned men of common birth who had risen to higher positions because of their sheer will, cunning and capability. Subtlety and guile were not their usual tools of trade. The mask tradition of Singapadu and Batuan can be considered a continuum that also includes Sukawati, a once powerful 17th century kingdom that ruled over the area.",-8.409518,115.188916,TP204.jpg
205,TP205,"Patih Keras, Strong Minister",1930,"Museum of Puro Mangkunegaran, Solo ",,"The naturalistic style of Klungkung masks is clearly seen in this image of a government minister with bags beneath his red-shot eyes, which give the impression that he is overworked and sleep-deprived. The very unusual blue eyes also raises the question if the mask represents a European character, who also appear in Kamasan paintings of historical conflicts that occurred with the Dutch in the 19th century.",-7.566756,110.823071,TP205.jpg
206,TP206,"Patih Keras, Prime Minister",1950,"Private Collection, France",,"With a broad face, bushy facial hair and a golden diadem signifying his high status, this mask is the embodiment of the Balinese idea of a powerful and muscular warrior with no fear of his enemies. In some aspects it approaches the popular image of men like Gadjah Mada, and other great hero generals and commanders. The shape of the eyes is reminiscent of the work of I Dewa Putu Kebes of Batuan.",46.227638,2.213749,TP206.jpg
207,TP207,"Patih Manis,Refined Prime Minister of Raja",1900,"Museum Bali, Denpasar",,"Done in a more realistic style of mask making that originated in Denpasar in the second half of the 19th century, the character's soft slightly downcast eyes and graceful features give the impression of an intelligent man full of pathos. While compassionate, his ample moustache signals masculinity, just as the elaborate golden diadem decorated with a three-dimensional floral pattern and inlaid with mirrors announces his royal status.",-8.657398,115.218579,TP207.jpg
208,TP208,Patih Nambi ,1930,"Museum of Puro Mangkunegaran, Solo ",,"Patih Nambi was one of the knights allied with Raden Wijaya after the collapse of the Singosari Kingdom. Sadly, intrigue in the newly founded Majapahit court would drive them apart. This would begin when Ranggalawe expressed his disappointment when Nambi was named prime minister instead of him. Wishing to rid himself of rivals, Nambi, aided by Mahapati, poisoned the ear of Raden Wijaya leading to the appointment of his uncle to a minor post. Festering with anger, Ranggalawe rose in protest giving his enemies the opportunity to label him a rebel and have him brutally killed. Held in contempt for his role, Nambi, too, would become a victim of intrigue after he suddenly left the capital upon receiving a forged letter that his father was on his death bed allowing Mahapati to convince Jayakarta, the second Majapahit king to execute him in 1316.",-7.566756,110.823071,TP208.jpg
209,TP209,"Patih Nelik, Staring Minister ",1900,"I Made Nyarikan Sriada Family Temple, Denpasar ",,"Nelik is the Balinese word for someone who stares with intensity as is the case with this mask. Depicting a minister, it could be used to play any number of characters. While all of the masks in the Sriada Family Temple are considered sacred heirlooms, four, including this one, are considered the most important among the set used by the legendary dancer I Made Nyarikan Sriada.",-8.65528,115.21734,TP209.jpg
210,TP210,"Patih Penglembar, Introductory Minister",1952,"Private Collection, Bali ",,"With deep lines under his eyes and his mouth, the specific role of this mask was to appear on stage at the opening of performances together with the king's clownish advisors (punakawan). While the clowns would speak of the glory of their king and engage in gossip, it was penglembar who shed light upon the challenge on hand that would develop into the story told. As behavior was based on clearly delineated character types and plots used in many stories, the information provided might not even mention any particular historical character until far later in the performance.",-8.409518,115.188916,TP210.jpg
211,TP211,Patih Pengrupak,1800,"Collection Nationaal Museum van Wereldculturen, Leiden",,"Patih Pengrupak, along with Tajeg Reneng, was a trusted member of Raden Wijaya's palace guard. Charged by the raja to spy on the movements of Ranggalawe after he left his palace in Tuban, East Java, his life was often at risk. Pengrupak's pale rose skin color is marred by blood coming out of numerous facial wounds, inflicted by his enemies after his espionage activities were uncovered. Clever and quick of foot he was luckily always able to make a getaway but not without getting cut in the process.",52.164104,4.483984,TP211.jpg
212,TP212,Patih Ra Semi,1937,"Collection Nationaal Museum van Wereldculturen, Leiden",,"Ra Semi was one of the seven council members advising Raden Wijaya after the founding of the Majapahit Empire In 1293. Together with Ra Kuti, Ra Tanca, Ra Wedeng, Ra Yuyu, Ra Banyak and Ra Pangsa these wise men were known as Dharmaputra (Sons of the Righteous Path). After Raden Wijaya died in 1309 and was succeeded by his son, Jayanegara. Ra Semi left the main court in Trowulan and retired to Lasem. As time passed, Jayanegara increasingly proved himself to be an incompetent and evil ruler. This led Ra Semi and the other members of the Dharmaputra Council to rise up against him. All came to an end In 1398, when Jayanegara was assassinated by his physician Tanca, who accused him of seducing his wife. In turn, Tanca was killed by the prime minister Gadjah Mada, who, with the support of other nobles, placed Raden Wijaya's daughter Tribhuwana Wijayatunggadewi, on the throne. Supported by Gadjah Mada, her son Hayam Wuruk went on to become the greatest monarch of the dynasty.",52.164104,4.483984,TP212.jpg
213,TP213,Patih Sidakarya ,1925-1940,"Collection Nationaal Museum van Wereldculturen, Leiden",,"As masks of other characters or types that fall into sometimes narrow visual parameters, artists have show great versatility in expressing their own vision of the men and women they are portray. Each of these Sidakarya masks shares a pale complexion, narrow curved eyes and big red mouths with oversized forward jutting teeth, yet each of them has its own unique pres-ence. With bushy black eyebrows and a matching unkempt moustache and goatee, the man on the upper left seems younger (Anecdotally the mask was bought for less than a dollar in 1936). In contrast, the white wisp of a beard of his neighbor belongs to an older man, an age more appropriate the original story. On this page, Sidakarya, described as a minister, assumes a more royal stature with golden jewelry, facial lines and better groomed hair. Smiling mischeviously, their intentions are not easy to read. Frits Liefkes, a well respected scholar and curator of antique furniture at the Rijksmuseum, was also a passionate lover of Indonesian art. After his death he would be-queath his considerable collection to the Ethnographic Museum in Leiden",52.164104,4.483984,TP213.jpg
214,TP214,"Patih Sore, Lembu Sore, Prime Minister Sore",1800,"Collection Nationaal Museum van Wereldculturen, Leiden",,"With a reddish complexion, prominent facial lines and a large row of incisors, Patih Sore, also known as Lembu Sore, is here seen as a determined man of fierce disposition. The uncle of Ranggalawe, he was also one of the nine original knights who had stayed true to Raden Wijaya. In contrast to his nephew, Lembu Sore did not rise up in anger after being assigned a minor post hardly deserving after all his sacrifices. When he learned how Kebo Anabrang had slain Rang-galawe, Lembu became so enraged that he stabbed him from behind. Branded a murderer, Lembu was banished from the kingdom.",52.164104,4.483984,TP214.jpg
215,TP215,"Pedanda Boda, Buddhist High Priest",1930,"Museum Bali, Denpasar",,"Pedanda Boda with their red headdresses (ketu), ghanta bellis and vajra, stylized thunderbolts, are a vestige of the esotenc Buddhist Vajrayana faith. Since the 16th century, under the influence of the reformist Javanese high priest Danghyang Nirartha, they have been given special status separate too but nonetheless part of a greater Shaivite orthodoxy. Most notably both types of priests are needed for the completion of the most important religious ceremonies.",-8.657398,115.218579,TP215.jpg
216,TP216,Pedanda Siwa Boda,1800,"Collection Nationaal Museum van Wereldculturen, Leiden",,"Until the 16th century, Balinese religion was divided into a number of sects. While Shaivism, which worshiped Siwa as the supreme god, was the largest and most important, esoteric Buddhism was also prominent and influential. The two streams merged during the Gelgel Dynasty under the auspices of Javanese high priest Danghyang Nirartha. While Buddhist high priests (Pedanda Boda) maintained their own mantra, rituals and paraphernalia, especially the vajra or diamond thunderbolt, they also recognized Buddha as an incarnation of Siwa, giving rise to the term Siwa Boda. Supremely alert and exuding immense power, this archetype of a Siwa Boda Pedanda is a vigorous young man that closely resembles a prince.",52.164104,4.483984,TP216.jpg
217,TP217,"Prahasta, Prime Minister of Alengka",1900,"Museum Bali, Denpasar",,"The wise cousin of Rawana and prime minister of Alengka, the demon Prahasta was much respected for his wisdom and advice. As the wanara army of monkeys and bears under the command of Prince Rama and Sugriwa approaches, Prahasta is appointed as commander of Alengka's raksasa armies. His death during the very first battle of the war is an omen of worse things to come for Rawana. With lively bulging eyes echoed in round earplugs, a grinning mouth full of teeth and fangs, and a furrowed brow topped by two horns, Prahasta exudes energy and intelligence.",-8.657398,115.218579,TP217.jpg
218,TP218,"Prajangga, The Ogre Prajangga",1930,"Museum Bali, Denpasar",,"Prajangga is the commander of Rawana's ogres. Early on in the war, he defeats and kills the monkey Sampati. Later, he is ordered by Rawana to enter the battlefield alongside Kumbhakarma and his son, Nikumba. While running to the aid of a fellow warrior, Prajangga is attacked and killed by the heroic Anggada, son of Subali. Like all raksasa, he has bulging eyes, an animal-like snout, and a large mouth with prominent fangs. His royal status is seen in his golden paisley-shaped earrings.",-8.657398,115.218579,TP218.jpg
219,TP219,Prameswari Anggragani,1800,"Museum of Puro Mangkunegaran, Solo ",,"The archaic mask of a high queen depicts the chief wife of Kertanegara, the last raja of the Singosari Kingdom. Anggragani was not only a great beauty but a capable and loyal court minister. While in a state of inebriation, she and Kertangara were cruelly murdered in 1292 by the rebel vassal, Jayakatwang.",-7.566756,110.823071,TP219.jpg
220,TP220,Raja Putri ,1920,"Private Collection, United States",,"This mask's golden aura, sensuous eyes and features, indicate that it represents a female of the highest status, either a queen upon the throne (raja putri as opposed to putri raja or princess) or perhaps even a goddess. Wearing a crown bordered by a row of small curves, as many Balinese masks, it gives the impression of a higher consciousness above the everyday worries that humans endure in the middle world. The addition of a small round painted beauty mark on the right cheek demonstrates that such signs of applied beauty are universal.",40.7128,-74.006,TP220.jpg
221,TP221,Puteri ,1932,"Collection Nationaal Museum van Wereldculturen, Leiden",,"This is a fine example of the archetype of a princess from Singaraja. the capital of the northern kingdom of Buleleng, which developed its own distinctive styles of art, music, dance and architecture. With large eyes defined by gracefully arched eyebrows, a pleasant nose, full, ruby-red lips and a row of even teeth, the princess showcases all aspects of the Balinese ideal of female beauty. Her royal status is seen in her large golden earplugs (subeng) and gem-encrusted crown.",52.164104,4.483984,TP221.jpg
222,TP222,Crossed Eyed Princess,1800,"National Museum of Indonesia, Jakarta",,"Wearing an elaborate peaked crown with rows of pointed petals, a large leaf-shaped third eye large holes for earplugs and golden teeth, the mask has all attributes of a queen. The position of the pupils suggesting the princess is crossed-eyed and other sharply stylized features, stand in contrast and are more difficult to interpret as either comical or menacing. One of the older masks in the collection of the National Museum in Jakarta, there is no evidence of a more realistic style that developed at the end of the 19th century in Puri Gerenceng, Denpasar Notably the mask, which is flat on the back, was not made for dance but rather to be placed at the pinnacle of important offerings placed on footed tables (dulang).",-6.176424,106.821815,TP222.jpg
223,TP223,Raja Putri ,1920,"Private Collection, United States",,"With eyes wide apart, a white complexion and open smiling mouth, the high status of this princess in mirrored by her sumptuous crown, third-eye ornament and golden earplugs. Focused and vibrant, the mask was bought in Denpasar in 1932 by the American journalist, Helen Yates. From her writing it seems almost certain it was made by | Gusti Made Gede and directly purchased from him at Puri Gerenceng. Notably, Yates's visit was not coincidental for she was guided by P.A.J. Moojen, the colonial architect, artist and collector who had worked with Gusti Made to renovate Besakih Temple after the great earthquake of 1917, and in the making of Museum Bali in the late 1920s. The mask was only recently identified from old photos.",40.7128,-74.006,TP223.jpg
224,TP224,Prince Rama ,1930,"Museum Bali, Denpasar",,"Along with the Mahabharata Epic, the Ramayana, which dates back to the 3rd century BCE, has exercised a profound impact on Indonesian art and culture. Whereas the depiction on Rama on the previous page is highly refined and aristocratic, this red colored example is far more determined. Both share lively eyes, arching eyebrows, distinctive curvy mustaches and an open mouths exposing white teeth of inlaid mother of pearl. Prince Rama was an incarnation of Lord Wisnu sent to earth to defeat the sorcerer-king Rawana, who, because of his severe austerities and meditations, was rewarded by Brahma with invincibility. At the climax of the story, Prince Rama battles his arch-nemesis to rescue his wife Princess Sita, who was abducted and imprisoned by the sorcerer-king. The mask, which is in the style prevalent in Denpasar, is of great age, as seen by its wear.",-8.657398,115.218579,TP224.jpg
225,TP225,Prince Rama of Ayodya,1800,"Museum Bali, Denpasar",,"Along with the Mahabharata Epic, the Ramayana, which dates back to the 3rd century BCE, has exercised a profound impact on Indonesian art and culture. Whereas the depiction on Rama on the previous page is highly refined and aristocratic, this red colored example is far more determined. Both share lively eyes, arching eyebrows, distinctive curvy mustaches and an open mouths exposing white teeth of inlaid mother of pearl. Prince Rama was an incarnation of Lord Wisnu sent to earth to defeat the sorcerer-king Rawana, who, because of his severe austerities and meditations, was rewarded by Brahma with invincibility. At the climax of the story, Prince Rama battles his arch-nemesis to rescue his wife Princess Sita, who was abducted and imprisoned by the sorcerer-king. The mask, which is in the style prevalent in Denpasar, is of great age, as seen by its wear.",-8.657398,115.218579,TP225.jpg
226,TP226,Raja of Ayodya ,1930,"Museum Bali, Denpasar",,"While refined princes like Rama and Panji usually have white or light-yellow complexions, this dark brown image of Prince Rama shows that this is not always the case. Sometimes green and blue complexions are also used. What remains constant is the wavy shape of the mustache, vigorous expression and the open mouth exposing the upper row of teeth. Remarkably, other than the color of the skin and the large golden urna ornament on the forehead, this mask, made by I Gusti Putu Kandel of Puri Abasan Palace in Denpasar (Badung), is virtually identical with the depiction of Rama (page 3) by Ida Pedanda Made Sidemen of Sanur, which was made around the same time. Only ten kilometres from the center of Denpasar, Sanur, with its many high priests, was closely linked with the rulers of Badung. Sideman, for example, was a close friend and ally of I Gusti Ngurah Made Agung, the raja of Badung. While certain local and individual styles are distinguishable, for the greater part the arts of Sanur and Denpasar existed in a continuum.",-8.657398,115.218579,TP226.jpg
227,TP227,Raja of Ayodya ,1900,"Private Collection, Bali ",,"While refined princes like Rama and Panji usually have white or light-yellow complexions, this dark brown image of Prince Rama shows that this is not always the case. Sometimes green and blue complexions are also used. What remains constant is the wavy shape of the mustache, vigorous expression and the open mouth exposing the upper row of teeth. Remarkably, other than the color of the skin and the large golden urna ornament on the forehead, this mask, made by I Gusti Putu Kandel of Puri Abasan Palace in Denpasar (Badung), is virtually identical with the depiction of Rama (page 3) by Ida Pedanda Made Sidemen of Sanur, which was made around the same time. Only ten kilometres from the center of Denpasar, Sanur, with its many high priests, was closely linked with the rulers of Badung. Sideman, for example, was a close friend and ally of I Gusti Ngurah Made Agung, the raja of Badung. While certain local and individual styles are distinguishable, for the greater part the arts of Sanur and Denpasar existed in a continuum.",-8.409518,115.188916,TP227.jpg
228,TP228,Prince Rama,1935,"Asian Art Museum, San Francisco",,"The Noble Path - Heroes, Gods, Princes, and Princesses",37.780277,-122.41616,TP228.jpg
229,TP229,Ratu Gede Mecaling,1800,"Museum Bali, Denpasar",,"Worshiped by the Balinese as a wrathful form of the goddess Durga, Rangda has large flames rising from her crown, flared nostrils, long tusks curving to the sides, large incisors, fangs, and flames exuding from her mouth. Her eyes are bulbous and round, with pitch-black pupils ringed by black, red and yellow lines. Even without knowing of her exceptional powers as a sorceress, this mask demonstrates why the sight of Rangda instantly struck fear and awe into the hearts of the audience.",-8.657398,115.218579,TP229.jpg
230,TP230,Rangda of her Disciples ,1930,,,"With close-set eyes, hairy, arched eyebrows and long, upward-pointing tusks, this is an example of a folkloric Rangda mask unadorned with gold leaf or any other sumptuous materials. It was produced in the region of Singaraja, North Bali, between the 1920s and 1950s. In contrast to Rangda's usually white complexion, her disciples' skin tones range from dark brown, as seen here, to hues of red.",,,TP230.jpg
231,TP231,Rangda of her Disciples ,1930,"Collection Nationaal Museum van Wereldculturen, Leiden",,"With close-set eyes, hairy, arched eyebrows and long, upward-pointing tusks, this is an example of a folkloric Rangda mask unadorned with gold leaf or any other sumptuous materials. It was produced in the region of Singaraja, North Bali, between the 1920s and 1950s. In contrast to Rangda's usually white complexion, her disciples' skin tones range from dark brown, as seen here, to hues of red.",52.164104,4.483984,TP231.jpg
232,TP232,Ratu Gede Mecaling,1936,"Museum Bali, Denpasar",,_,-8.657398,115.218579,TP232.jpg
233,TP233,Ratu Gede Mecaling,1950,"Private Collection, Bali ",,_,-8.409518,115.188916,TP233.jpg
234,TP234,Queen of the Witches,1930,"Puri Saran Kangin Palace, Singapadu",,"This mask was created and used by the farmed mask-maker and dancer Cokorda Oka Tublen of Singapadu, the scion of a long line of performers dating back to the 18th century. Tublen was invited to perform with a dance troupe from Peliatan at the Netherlands Indies Pavilion of the 1931 International Colonial Exposition in Paris. This was the mask that he took with him, astounding audiences that included many of Europe's most famous modern artists. Although damaged, the vibrant expression of the mask is still very much evident.",-8.5920396,115.2543604,TP234.jpg
235,TP235,Queen of the Witches,1900,"Museum Sonobudoyo, Yogyakarta",,"Resplendant as she is frightening, this image of the ruler of graveyards and the nether regions, is a rare example of mask making in the kingdom of Bangli. Although landlocked, the princes of Bangli controlled the major road between north and south Bali. Using rich layers of cinnabar, natural white pigment, and pure gold leaf, the artist has added an extra dimension using black ink to outline, as well as create strands of hair and mysterious script-like wiggles such as those on the upper lip.",-7.802257,110.359438,TP235.jpg
236,TP236,"Ranggalawe, Patih Lawe",1800,"Collection Nationaal Museum van Wereldculturen, Leiden",,"Ranggalawe was the son of famed strategist Arya Wiraraja and one of the nine nobles who remained loyal to Raden Wijaya after his father-in-law Kertanegara, the last king of the Singosari Dynasty, was murdered by Jayakatwang. Together they would defeat both Jayakatwang and the invading Chinese troops of Kublai Khan, the Mongol emperor of China and go on to found the Majapahit Empire with Raden Wijaya as its king. Sadly court intrigue led some of the princes to slander Ranggalawe. As a result Raden Wijaya sent his uncle to a minor post far from the capital. Interpreting this as an insult, the prince rose up in protest. Tragically, he was brutally and unjustly slaughtered. This sad tale, one of the most beloved and influential on Bal?, ends with Raden Wijaya bemoaning the cruel fate of his dear friend and former comrade-in-arms. Here Ranggalawe is depicted as a handsome but robust prince in his prime.",52.164104,4.483984,TP236.jpg
237,TP237,Ranggawale,1920,"I Made Nyarikan Sriada Family Temple, Denpasar (puri agung denpasar)",,"Ranggelawe was one of the original group of knights who joined forces with Raden Wijaya after the murder of Kertanegara, the last raja of the Singosari Kingdom who was murdered by the rebel Jayakatwang in 1292. Together they would not only defeat Jayakatwang but also the invading troops of Kublai Khan, the emperor of China. After Raden Wijaya founded the new Majapahit Dynasty, enemies of Ranggalawe at the court began spreading slanderous lies that put his loyalty in doubt. After his uncle was assigned a minor post in a provincial capital, he was so incensed that he rose up in rebellion. Brutally murdered in dubious circumstances, Ranggalawe's tragic tale is among the most profound on the island.",-8.65528,115.21734,TP237.jpg
238,TP238,Rarung ,1900,"Museum Bali, Denpasar",,"Rarung is an acolyte of a wrathful form of Dewi Durga, who is associated with the rites of death. She is said to be younger than Rangda. Entering a deep meditative state after taking a vow of silence, Rarung is rudely disturbed by the gods Indra and Brahma, who are searching for Durga on behalf of her husband Lord Siwa. When Rarung does not answer them, Indra and Brahma attack and defeat her, and she subsequently reports the incident to Dewi Durga. Indra and Brahma report Durga's location to Siwa, who descends to find her, disguised in the form of Banaspati Raja (Barong). Husband a nd wife battle upon meeting, in this version of the Barong-Rangda dance that is native to Denpasar. With a crown ringed by flames and long outward-curving lower fangs, this is an example",-8.657398,115.218579,TP238.jpg
239,TP239,Rarung ,1930,"Museum Bali, Denpasar",,"With a red complexion, bulging eyes, upward-thrusting tusks, and golden tear-drop shaped earrings. Rarung bursts with flames coming from the top of her head and mouth. The story of Rarung, an acolyte of the goddess Durga, is sometimes merged with that of Calonarang. a medieval Javanese princess banished from court with her young daughter after the untimely and suspicious death of her princely husband. Rangda, which means widow, mirrors a deep-rooted cultural suspicion of women who become widows under suspicious circumstances. The fear, of course, is that their husbands fell victim",-8.657398,115.218579,TP239.jpg
240,TP240,Chief Disciple of Bhatari Durga ,1930,"Collection Nationaal Museum van Wereldculturen, Leiden",,"With a bright red face, bulging, bloodshot eyes, enormous tusks and a long, fiery tongue, Rarung is the chief disciple of a wrathful incarnation of Siwa's wife Bhatari Durga, who oversees the underworld and the rites of death. Rarung, also known as Ratu Gede Mecaling and Rangda, is performed in a version of the Rangda-Barong cycle that is specific to Denpasar. The extensive use of cinnabar and gold leaf indicate that this mask was commissioned by a wealthy and powerful palace or temple.",52.164104,4.483984,TP240.jpg
241,TP241,"Rawana, Dasa Muka",1930,"Museum Sonobudoyo, Yogyakarta",,"Oval-faced with a short forehead, chevron shaped eyeballs, high set ears with huge inlaid earrings, the curly beard of Rawana is interwoven with gold. Fearless and invincible, Rawana who was also known as Dasa Muka, he with ten heads, is a classic story of a powerful being felled by his own hubris. The son of a great sage and a raksasa demon, Rawana was a highly respected scholar with a deep knowledge of the scriptures, medicine and science. Meditating for over 10,000 years, he was granted the boon of immortality against all beings except for humans, who he considered weak and insignificant. This led the gods to have Wisnu reincarnate as the glorious Rama who would act as their intrument. After a mighty struggle, Rama slayed Rawana in the final battle and freed his wife Sita.",-7.802257,110.359438,TP241.jpg
242,TP242,Rawana,1935,"Private Collection, Switzerland",,"Rawana, king of Alengka (Sri Lanka), was not only an awesome warrior himself but also the leader and role model of perhaps the most impressive alliance of demons to have ever existed. Among the greatest of them were those who were the offspring of sages and gods who had trysts with female raksasa, most who had mastered the ability of shapeshifting allowing them to take on all manner of beauteous forms. The richness of Rawana's brown complexion is the result of layering beginning with a gesso foundation, a reddish underlayer and chestnut brown outer surface While his eyebrows were once made of fur covered hide, the tight round curals of his moustache, beard and sideburns are carved directly into the wood. In the classical Hindu stories there is often an undercurrent that suggests that Raksasa psychology was often driven by a sense of low self-esteem and anger with the gods who looked down upon them even when the achieved great knowledge and power. This can be seen in one of the early episodes of the Ramayana, when Laksmana not only spurns the love-sick advances of Rawana's sister, Surpanaka, but also cuts off her nose for daring to think he would ever consider becoming her lover. After she reports the affront to Rawana he vows revenge, setting the drums of war into motion.",47.3769,8.5417,TP242.jpg
243,TP243,Raja of Alengka ,1935,"Museum Bali, Denpasar",,"This royal mask displays the full majesty and sheer physical and mystical power of Rawana, the villain of the Ramayana Epic. With gold arched eyebrows, headband, a flat top, facial lines and large tear drop earrings with floral motifs, the slight hint of a smile exudes an arrogant sense of humor and certainty that as master of numerous magical boons and weapons he is invincible. Certainly once part of a majestic Wayang Wong troupe serving the great lords of Badung, he is part of a lost glory.",-8.657398,115.218579,TP243.jpg
244,TP244,"Sorcecer King of Alengka, Sri Lanka",1930,"Private Collection, France",,"Despite being more subtle than some depictions of the villain of the Ramayana story, this dark faced image of Rawana is a grim reminder of how the dark power corrupt. With diamond shaped earrings, the agitated tight wiry curls around his mouth and crown are symbols of inner metaphysical powers.",46.227638,2.213749,TP244.jpg
245,TP245,Female Raksasa,1920,private  collection,,"Finely carved and painted with a lacquer-like polished surface, this mask is probably a portrait of one of Rangda's chief accolytes such as Nyi Lenda or her sister Nyi Lendi. A near identical mask collected by Swiss painter, Theo Meier on Bali before World War Two, is in the Basel Ethnographic Museum.",,,TP245.jpg
246,TP246,"Yaksa, Raksasa Warior",1930,"Private Collection, Mas",,"With a face bristling with fangs and tusks, not only around his mouth but also on his side cheeks and the top of his crown, the sheer force of the expres-sion and features of this red-faced demon warrior epitomizes the Balinese dread of the supernatural inhabitants of the Underworld. Such masks mark the merger of old exorcistic tribal traditions that pre-date Hinduism and Bud-dhism and Tantric rites, which flourished on Sumatra, Java and Bali during the Singosari and Majapahit eras.",-8.541481,115.27515,TP246.jpg
247,TP247,Raksasa Demon,1930,"Collection Nationaal Museum van Wereldculturen, Leiden",,"In the past, the largest Wayang Wong troupes were grand pageants with large casts of as many as one hundred dancers. While the main protagonists are well-known, there were also numerous minor characters (many of whom were considered the equivalent of extras) that are not easy to recognize. Now that the number of troupes and players has declined, taking with them many secrets, it is even more challenging to identify such masks. Nonetheless, a careful observation of the characteristics of this mask-with its reddish complexion, bulging eyes, bristling teeth and curly beard-reveals it to be a raksasa demon of royal descent, and henchman of Rawana, the sorcerer-king of Alengka.",52.164104,4.483984,TP247.jpg
248,TP248,Two Raksasa Demon,1980,"Private Collection, Mas",,"Up until the 1970s the masks made in the village of Mas were either traditional or some variation of the former left unpainted in the style of the modern wood sculpture style known as Pita Maha that flourished in the village in the 1930s. While the making of traditional masks and Pita Maha style sculpture continued, an increasing number of mask makers, such as Ida Bagus Anom and his older brother Ida Bagus Sutardja, the youngest and eldest sons of Ida Bagus Gelodog, began experimenting with new ideas that caught the imaginations of visitors. As demand grew so did the number of studios producing masks and before long Mas earned the reputation as being the 'village of masks', even if the majority of these were being made for export. As many of the makers learned basic English, they were also contacted by foreign artists and dancers who worked together to create new masks and plays.

While rooted in the tradition of Rangda and her accolytes, this pair of demons are early examples of this trend which is recognizable by their exaggerated sizes and expressions. Another new development was the use of real teeth (animal and human) and long curved boar tusks. While the majority of the masks were, like these, more horrific and shocking, others, such as those of Ida Bagus Sutardja, sought to depict more spiritual figures including goddesses. What is certain is that the beautiful polished patinas and natural pigments are can no longer be duplicated as the old laborious methnods of painting and gold leaf have given way to synthetic materials.",-8.541481,115.27515,TP248.jpg
249,TP249,Two Raksasa Demon,1980,"Private Collection, Mas",,"Up until the 1970s the masks made in the village of Mas were either traditional or some variation of the former left unpainted in the style of the modern wood sculpture style known as Pita Maha that flourished in the village in the 1930s. While the making of traditional masks and Pita Maha style sculpture continued, an increasing number of mask makers, such as Ida Bagus Anom and his older brother Ida Bagus Sutardja, the youngest and eldest sons of Ida Bagus Gelodog, began experimenting with new ideas that caught the imaginations of visitors. As demand grew so did the number of studios producing masks and before long Mas earned the reputation as being the 'village of masks', even if the majority of these were being made for export. As many of the makers learned basic English, they were also contacted by foreign artists and dancers who worked together to create new masks and plays.

While rooted in the tradition of Rangda and her accolytes, this pair of demons are early examples of this trend which is recognizable by their exaggerated sizes and expressions. Another new development was the use of real teeth (animal and human) and long curved boar tusks. While the majority of the masks were, like these, more horrific and shocking, others, such as those of Ida Bagus Sutardja, sought to depict more spiritual figures including goddesses. What is certain is that the beautiful polished patinas and natural pigments are can no longer be duplicated as the old laborious methnods of painting and gold leaf have given way to synthetic materials.",-8.541481,115.27515,TP249.jpg
250,TP250,Male Giants,1930,"Private Collection, Bali ",,"With prominent forward jutting teeth reminiscent of Barong Landung masks, this unusual pair lacks the extreme foreheads and black and white complexions of Jero Gede and Jero Luh. Obviously depicting a pair of giants, it is probable that they are a localized form of Barong Landung. They also bring to mind a report of a giant mask belonging to the Barong Landung family found in Denpasar that represented the glutton Cupak Appearing with Jero Luh and Sandaran masks, they were used to exorcize disease (de Zoete, Spies, 1938, 272).",-8.409518,115.188916,TP250.jpg
251,TP251,Female Giants,1930,"Private Collection, Bali ",,"With prominent forward jutting teeth reminiscent of Barong Landung masks, this unusual pair lacks the extreme foreheads and black and white complexions of Jero Gede and Jero Luh. Obviously depicting a pair of giants, it is probable that they are a localized form of Barong Landung. They also bring to mind a report of a giant mask belonging to the Barong Landung family found in Denpasar that represented the glutton Cupak Appearing with Jero Luh and Sandaran masks, they were used to exorcize disease (de Zoete, Spies, 1938, 272).",-8.409518,115.188916,TP251.jpg
252,TP252,"Ratu Adil, The Just and Noble Prince",1935,"Asian Art Museum, San Francisco",,"With naturalistic features suggesting western influence and an elaborate crown, paisley-shaped earrings inlaid with pieces of mirror and ivory teeth. this male image of a noble prince is based on Wayang Wong masks",37.780277,-122.41616,TP252.jpg
253,TP253,Sangut ,1933,"Collection Nationaal Museum van Wereldculturen, Leiden",,"With large, round eyes, a pointed snout and elastic mouth-and lacking eyebrows, teeth and mustache-this mask clearly gives the impression of a frog than a human. Sangut's name is from anggut, the Balinese word for someone nodding their head in agreement. A variation of this is nyangut, used to describe somewhat who always agrees in front of somewhat but complains from behind, an accurate description of Sangut's character.",52.164104,4.483984,TP253.jpg
254,TP254,"Uludawa , Younger Brother of Delem",1930,"Museum Bali, Denpasar",,"Both the mask of Sangut on the left and Delem on the right were made in Puri Gerenceng Palace in Denpasar. The facial color and jewelry, especially the large round ear plugs with four-petal flowers, of both masks is very similar. The real difference is the shape of their mouths. Whereas Delem's is round, Sangut's resembles an animal's muzzle for which reason he is also known as Uludawa or 'long snout"". Known for his quips and wit, Sangut often annoys his older brother Delem by reciting wise parables and reminding him of the better qualities of those on the side of right who have allied against their liege lord Rawana, particularly Prince Rama and his brother Laksmana.

Ultimately all four are inextricably connected as opposing halves in a greater cosmic drama that transcends good and bad.

The second image of Delem to the right, belonged to Marianne van Wessum, a wealthy Dutch heiress and close friend to Walter Spies and Rudolf Bonnet. She would act as the secretary of the Pita Maha artists association after it was found in 1936. With lotus flower earrings, thick gold leaf lines and a long droopy moustache it may have been made in Singapadu. She would kindly donate it to Museum Bali in the early 1950s.",-8.657398,115.218579,TP254.jpg
255,TP255,uludawa  ,1930,"Museum Bali, Denpasar",,"The long and pointy muzzle of this mask clearly shows why Sangut is also known as Uludawa (long snout). In comparison to masks of aristocratic ongin, those of the villages, like this example from Bualu, can be more forceful and animal-like. Made on a limited budget, village masks also tend to lack the expensive gold leaf and cinnabar seen on royal examples. Here we can see that starkness is a defining quality. With simple but strong lines. this Sangut could easily be described as lizard-like in both form and complexion.",-8.657398,115.218579,TP255.jpg
256,TP256,"Uludawa, younger brother of Delem ",1900,"Museum Bali, Denpasar",,"In contrast to his egotistical older brother, Sangut is a loquacious character whose banter careens between endless jokes and wise observations for instance, he once reminds his jealous brother that the children of wealthy persons are not necessarily any happier than the poor, as happiness comes from within, not without. Sangut's skinny frame contrasts with his great pot belly, while his small head sits atop a long neck and ends in a point emphasized by a shock of upright hair. Sallow of complexion, he has a long animal-like muzzle. Here he seems to be a happy-go-lucky figure with bright eyes, a friendly expression and open mouth. This mask is from Bualu Village which is located near the neck of the Bukit Peninsula, near today's Nusa Dua Hotel complex.",-8.657398,115.218579,TP256.jpg
257,TP257,Wana ,1930,"Museum Sonobudoyo, Yogyakarta",,"These two masks, together with those on the previous page, belong to the same set originally collected by the Java Instituut, which worked actively in Bali and Lombok, as well as Java.

They are now in the collection of the Sonobudoyo Museum in Yogyakarta. Consisting of two advisors to the hero Rama, Twalen and Wredah, and two to his adversary, Rawana, Delem and Sangut. Together the four are known as punakawan from the root words panah (to understand) and kawan (friend), thus those who understand their friends. On Bali they are often referred to as penasar from the root word dasar or foundation.

Despite their odd exteriors and comic antics, they are in essence spiritual advisors to kings and princes.",-7.802257,110.359438,TP257.jpg
258,TP258,Nephew of Jatayu,1900,"Museum Bali, Denpasar",,"Sempati is the nephew of Jatayu, the vulture who dies defending Sita as she is kidnapped by the evil king Rawana. A bird of celestial origin, Sempati lost his wings as a child as a result of an accident in a flying contest, in which he flew too close to the sun and his wings were burned off. Upon being informed of the death of his uncle Jatayu, Sempati weeps. He joins Rama's coalition of monkeys and bears (wanara), assembled to invade Alengka. However, being lazy of character, he always shows up late for meetings with Rama.

Sempati's ultra-graceful style of dancing is based on Balinese martial arts (pencak silat). As can be seen in this depiction, in some areas of Bali Sempati has not only lost his wings but also resembles a monkey more than a bird.",-8.657398,115.218579,TP258.jpg
259,TP259,Laughing Shaivite Sage ,1930,"Private Collection, Bali ",,"The role of wise and mighty sages, who spend most of their time far from the bustle of the courts and cities meditating with their students in forest ashrams, loom large in the Hindu tales of Bali. Awesome beings, often viewed such as Agastya, as incarnations of Lord Siwa himself, they are both dangerous and beneficent coming to the aid of humans in critical times, but also pronouncing terrible curses upon those who disturb them. Recognizable by their elaborate headdresses, seen here tumbling down the sides of his head, exposing black and white checkered kain poleng below, the celadon colored face of this great sage is crossed with merry wrinkles as he opens his mouth wide as if to pronounce a spell or words of wisdom.",-8.409518,115.188916,TP259.jpg
260,TP260,Sidakarya,1900,"I Made Nyarikan Sriada Family Temple, Denpasar ",,"With squinting eyes and a large toothy grin emphasized by bright red lips, the 16th century Javanese Buddhist priest, who wreaked havoc on the Eka Dasa Rudra ceremony being held at Besakih Temple under the auspices of Waturenggong and Danghyang Nirartha, strikes an enigmatic, if not frightening appearance. Black wrinkles and facial hair standout from his ghostly white complexion.",-8.65528,115.21734,TP260.jpg
261,TP261,Sidakarya,1930,"I Made Nyarikan Sriada Family Temple, Denpasar ",,"This image of a bucktoothed Sidakarya is considered one of the most sacred in the Sriada family temple. With a roundish face, slit eyes and a gaping mouth exposing his oversized teeth, he seems to be laughing with glee Sida-karya is a reminder that even the most unlikely characters can possess immense magical powers.",-8.65528,115.21734,TP261.jpg
262,TP262,Sidakarya,1920,"Museum Bali, Denpasar",,"As masks of other characters or types that fall into sometimes narrow visual parameters, artists have show great versatility in expressing their own vision of the men and women they are portray. Each of these Sidakarya masks shares a pale complexion, narrow curved eyes and big red mouths with oversized forward jutting teeth, yet each of them has its own unique pres-ence. With bushy black eyebrows and a matching unkempt moustache and goatee, the man on the upper left seems younger (Anecdotally the mask was bought for less than a dollar in 1936). In contrast, the white wisp of a beard of his neighbor belongs to an older man, an age more appropriate the original story. On this page, Sidakarya, described as a minister, assumes a more royal stature with golden jewelry, facial lines and better groomed hair. Smiling mischeviously, their intentions are not easy to read. Frits Liefkes, a well respected scholar and curator of antique furniture at the Rijksmuseum, was also a passionate lover of Indonesian art. After his death he would be-queath his considerable collection to the Ethnographic Museum in Leiden",-8.657398,115.218579,TP262.jpg
263,TP263,"Dalem Jujusan, Jojos",1930,"Museum Sonobudoyo, Yogyakarta",,"With a ghostly white round full face with deep blacked grooves, small almond-shaped eyes, pug nose, moustache and goatee, it is easy to understand why the guards at Gelgel Palace mistook Sidakarya as a wandering beggar. The name Dalem (king) Jusjusan, is a nickname derived from the word jojos for those suffering from dentals that jut forward as if they do not fit into the mouth.",-7.802257,110.359438,TP263.jpg
264,TP264,Sidakarya ,1959,"Museum Bali, Denpasar",,"This is another depiction of with wild unkempt hair and the wicked grin of someone looking for trouble. After being insulted by the guards of Wa-turenggong's palace, the Buddhist priest retreated to a village near Sanur that is now named after him. The mask was created by Dewa Putu Kebes and presented to the museum in 1959 shortly before his death. ",-8.657398,115.218579,TP264.jpg
265,TP265,Sidakarya Selem,1700,"National Museum of Indonesia, Jakarta",,"While the vast majority of depictions of Sidakarya have pale white faces, this black faced mask belongs to a rarer and more mysterious type. With upper and lower tusks, white eyebrows, no moustache and gold rimmed eyes, is noteworthy not only for its subtle beauty and expression but also because of the presence of a canggem, a wooden plug on the backside that allows the dancer to hold it in his teeth. It also indicates that the mask, like those in Blahbatuh and Ketewel, could date back to 16th century. Now in the National Museum in Jakarta, it may have been made in Gelgel. Several other ancient masks are found in the Bali Museum.",-6.176424,106.821815,TP265.jpg
266,TP266,Black Sidakarya as Mayadenawa ,1989,"Museum Bali, Denpasar",,"With a jet black complexion and adorned with gold and with long curved tusks like those of Jero Gede and Rangda, this mask was used to play the role of the reviled 11th century king, Mayadanawa, who was so-filled with self glory that he demanded that his subjects stop giving prayers and offerings to the gods and redirect them to him. His hubris would end in diaster and death.",-8.657398,115.218579,TP266.jpg
267,TP267,"Acolyte of Ratu Gede Mecaling, Sisya",1936,"Museum Bali, Denpasar",,"Rough-hewn and unpainted, with long disheveled locks made of raffia, these two masks exude a primal power that seems more tribal than Balinese. They were seen by Beryl de Zoete and Walter Spies in the 1930s during a visit to Nusa Penida, the arid island off Bali's south coast, in a performance that took place at the Pura Panataran Dalem Ped Temple. Feared as the abode of Jero Gede Mecaling, the temple is the most sacred on the island. In their book, de Zoete and Spies described the performance as the simplest form of the Barong Rangda Dance with a minimalistic plot recounting the invasion of South Bali by Rangda and her minions. The havoc they wreak is remedied by the creation of Jero Gede, the Barong (1938, 99). The mask on these two pages depicts one of Rangda's acolytes (sisya). With long tusks and large teeth, the fanged queen herself (Ratu Gede Mecaling) is seen on the next two pages. Both masks are illustrated in Dance and Drama in Bali (de Zoete, Spies, 1938, plate 112). Spies felt they were so important that he purchased and donated them to the Museum Bali in 1936 where they still can be seen.",-8.657398,115.218579,TP267.jpg
268,TP268,Acolyte of Rangda,19th century,"Museum Bali, Denpasar",,"Rangda and her disciples are usually immediately recognizable by their bulging eyes, tusks, flames and long tongues, the latter which are not present on any of the masks on these two pages. In some cases they have been lost, in others they may have never existed. The high eyebrows representing flames are typical for Rangda masks from Buleleng and Bangli. The first masks and statues collected on the island were from the north, which came under the suzerainty of the colonial government of Netherlands Indie in the middle of the 19th century and remained Bali's capital until 1958. It appears that her tongue was lost.",-8.657398,115.218579,TP268.jpg
269,TP269,Acolyte of Ratu Gede Mecaling ,1900,"Museum Bali, Denpasar",,"With intense dark pupils, swirling gold flames cut from water buffalo hide shooting out of the sides of her mouth, long upward-thrusting tusks and two prominent horns at the top of her head, this is an imposing mask of an unidentified member of Rangda's coven of witches. It was purchased for the museum on May, 15, 1936 for the price of three Dutch florins (equivalent to a little over one US dollar now). Sacred masks were never easy to buy. This temple mask was probably decommisioned and sold because it has been damaged. This would change when mask makers began accepting commissions.",-8.657398,115.218579,TP269.jpg
270,TP270,"Acolyte of Ratu Gede Mecaling, Sisya",1900,"Museum Bali, Denpasar",,"While most have conflated actual masks of Rangda with those of her many students, they, too, are important characters in their own right. Considered masters of the magic of the left, each of them each specialized in different branches of sinister spells and curses. They would join together in cemeteries and other luguber places at night and dance wildly in the presence of Ratu Gede Mecaling and Bhatari Durga, the goddess of the underworld. Inevitably they would be confronted by the Barong who would thwart their evil designs.",-8.657398,115.218579,TP270.jpg
271,TP271,"Acolyte of Ratu Gede Mecaling, Sisya",1930,"private collection, mas",,"Although she shares the same features as most of Rangd'a acolytes-a red complexion, curved tusks, fangs, protruding teeth, bulbous eyes and Bared nostrils this mask stands out for her nearly round face shape. She also lacks the characteristic long flaming tongue. The red pigment seems to be iron oxide, a cheaper substitute for cinnabar. Likewise, yellow paint has been used in place of gold leaf. It has been suggested that the mask is from a more provincial area, perhaps in the mountains. Nonetheless it is an unique and powerful example of the Balinese ability to play with forms and color even with simple materials.",-8.541481,115.27515,TP271.jpg
272,TP272,"Acolyte of Ratu Gede Mecaling, Sisya",1900,"Museum Radya Pustaka, Solo",,"This stunning image of another one of Rangda's disciple, vibrates with energy. She is white-faced, with strong curvaceous features, graduated coloring and thin wiggly lines running up her nose. Her flared nostrils are nearly as large as her pupils, while her tusks are crisscrossed like miniature swords. Her royal blood is symbolized by her crown, and her magical powers are alluded to by the large golden ornament (urna) inlaid with a ruby on her forehead, akin to a third eye. According to Made Bandem, the mask is the work of I Gusti Putu Kandel, of Puri Abasan Palace",-7.568643,110.814418,TP272.jpg
273,TP273,"Acolyte of Ratu Gede Mecaling, Sisya",1930,"Private Collection, United States",,"With a slanted face and elongated teeth and flaming eyebrows, this mask is an extreme example of a style that prevailed in Bangli and Buleleng, whose histories have been culturally and artistically intermingled for centuries. With virtually no forehead and an animal like demeanor, the mask has a primal power free of those of the more regal made in the courts of South Ball.",40.7128,-74.006,TP273.jpg
274,TP274,"Sandaran, Male Sandaran, Gandharva",1930,"Museum Bali, Denpasar",,"While Telek is the name used in Denpasar, the people of the beach village of Sanur, which has long been dominated by members of the priestly caste (brahmana), prefer Sandaran. Whereas the origin of telek is unclear, sandaran is derived from Gandharva, the Sanskrit name of a celestial race of males. They, like apsarum, are famed musicians and entertainers, who serve the gods. Gandharva are also relatives of Yaksha (from whence raksasa), usually dangerous nature spirits of demonic origin, which is not true of apsarum. This particular mask with its haughty expression and wavy moustache leaves little doubt of its sex.",-8.657398,115.218579,TP274.jpg
275,TP275,"Sandaran, Gandharva",1930,"Museum Bali, Denpasar",,"This animated and powerful mask with a perfect white complexion, dark hair, red-line eyes, scarlet lips and pearly teeth belongs to a rare class of Sandaran masks with large ears extending out from the sides of the mask like those of the Barong Landung. While determining the sex of Telek and Sandaran masks is no simple task, those with moustaches, as well as those with large comucopia shaped-earrings, the same worn by Jero Gede, are worn only by men in contrast to women who wear subeng earplugs.",-8.657398,115.218579,TP275.jpg
276,TP276,"Gandharvan, Sandaran, Male Telek",1900,"Private Collection, France",,"Unlike female Telek Luh, males are Gandhavan, who have demonic blood. This perhaps explains why they appear in Calonarang and Rarung dances held along the coastal regions of South Bali. Maleness is suggested by the intensity of the eyes and forceful features and expression. The tear-shaped earrings are also usually worn by men already in statuary dating back to the 14th century. Some have identified the mask as an early work of Ida Pedanda Sidemen of Sanur before he began experimenting in a more realistic style.",46.227638,2.213749,TP276.jpg
277,TP277,"Gandharvan, Sandaran, Male Telek",1932,"Private Collection, Bali ",,"While the complexions of Telek and Sandaran vary from chalky white to yellows and tans, the dark brown color of this mask is unusual. Wearing extensive jewelry including large gold earrings, a diadem with repousse floral patterns and golden blossoms including two tubular sweet smelling cempaka flowers in his hair, this small mask with its red rimmed eyes, grey cornea and pearly teeth, is a classic Sandaran except for the brown skin tone. While artists are given leeway to experiment and express themselves the boundanes for this were usually narrow.",-8.409518,115.188916,TP277.jpg
278,TP278,"Apsaram, Apsara",1900,"Collection Nationaal Museum van Wereldculturen, Leiden",,"This exquisitely delicate mask captures all the mystery and beauty of this sacred mask tradition. Representing celestial maidens, Telek Luh, are representations of apsarum, a celestial race of musicians and dancers who entertain the gods. With a flawless cream-colored complexion, delicately arching eyebrows, lively eyes lined in red, aquiline nose and an enigmatic ruby red smile exposing a row of golden upper teeth, the mask has been attributed to I Gusti Putu Kandel, a royal mask maker from a palace located behind today's Bali Museum, whose reliefs he carved in the 1920s, along with fellow mask makers, I Gusti Made Gede of Puri Gerenceng Palace and Ida Pedanda Made Sidemen of Sanur. The title Luh is from the word luwih, which means beautiful. It is used for women.",52.164104,4.483984,TP278.jpg
279,TP279,"Sandaran, Dedari ",1900,"Collection Nationaal Museum van Wereldculturen, Leiden",,"Wearing large golden earplugs her jet-black hair and ruby lips stand out in contrast against her pearly-white complexion. This Telek Luh resembles the children of the Barong Landung, Mantri and Galuh. It is possible that she, too, is of royal status in a hierarchical apsarum society.",52.164104,4.483984,TP279.jpg
280,TP280,"Telek Luh (Apsarum, Apsara, Sandaran)",1930,"Collection Nationaal Museum van Wereldculturen, Leiden",,"With a polished, enamel-like surfaces, perfect features accentuated with red and black lines of make-up and golden teeth and hair decorations In the shape of four-petal flowers, these masks are show the exquisite mastery of Denpasar's master sculptors, who were themselves often performers. Whereas a connection with apsarum a celestial race of female dancers known to Hindus and Buddhists is not in doubt, time and changing religious orthodoxy after the rise Shaivite hierarchy added new layers and interpretations in particular a purely Hindu origin from the Mahabharata story about the Churning of Amerta, the elixir of immortality (Bandem, 1983, 139-140)",52.164104,4.483984,TP280.jpg
281,TP281,"Telek Luh (Apsarum, Apsara, Sandaran)",1930,"Collection Nationaal Museum van Wereldculturen, Leiden",,"With a polished, enamel-like surfaces, perfect features accentuated with red and black lines of make-up and golden teeth and hair decorations In the shape of four-petal flowers, these masks are show the exquisite mastery of Denpasar's master sculptors, who were themselves often performers. Whereas a connection with apsarum a celestial race of female dancers known to Hindus and Buddhists is not in doubt, time and changing religious orthodoxy after the rise Shaivite hierarchy added new layers and interpretations in particular a purely Hindu origin from the Mahabharata story about the Churning of Amerta, the elixir of immortality (Bandem, 1983, 139-140)",52.164104,4.483984,TP281.jpg
282,TP282,"Telek Luh (Apsarum, Apsara, Sandaran)",1900,"Museum Bali, Denpasar",,"While the majority of telek masks display a flawless and benign beauty, some such as the two on these pages are emotionally more enigmatic. This is mirrored in de Zoete and Spies' observation that sandaran (the pair do not really make a distinction between the two) are not symbols of benevolence but rather""...a small, ethereal variety of Djauk...."" (1938, 99). Of course this comment was made in part because both jauk and sandaran wear the same tiered headdresses. So, too, telek and sandaran are not always angelic in appearance. This is true of the mask on the left who stares forward intensely with with pronounced facial lines and an ambiguous smile Notably her teeth are not gold but were inlaid with now missing mother of pearl.",-8.657398,115.218579,TP282.jpg
283,TP283,"Telek Luh (Apsarum, Apsara, Sandaran)",19th century,"Museum Bali, Denpasar",,"While the majority of telek masks display a flawless and benign beauty, some such as the two on these pages are emotionally more enigmatic. This is mirrored in de Zoete and Spies' observation that sandaran (the pair do not really make a distinction between the two) are not symbols of benevolence but rather""...a small, ethereal variety of Djauk...."" (1938, 99). Of course this comment was made in part because both jauk and sandaran wear the same tiered headdresses. So, too, telek and sandaran are not always angelic in appearance. This is true of the mask on the left who stares forward intensely with with pronounced facial lines and an ambiguous smile Notably her teeth are not gold but were inlaid with now missing mother of pearl.",-8.657398,115.218579,TP283.jpg
284,TP284,"Telek Luh (Apsarum, Apsara) ",1900,"Collection Nationaal Museum van Wereldculturen, Leiden",,"The complexion of this Telek mask is a dark shade of tan, rather than the usual white. Elegantly shaped with fine, gently arched eyebrows, an aquiline nose and high cheekbones, it displays an almost intense alertness, staring wide-eyed directly at the audience. The hint of a smile, with a slightly open mouth exposing a well-formed row of golden upper teeth, is reminiscent of Majapahit sculpture. A band of golden flowers rings the crown.",52.164104,4.483984,TP284.jpg
285,TP285,"Telek Luh (Apsarum, Apsara) ",1900,"Museum Bali, Denpasar",,"The large number of Telek and Sandaran masks found in old collections, reflects how much they intrigued European visitors before the war. This was not only because of their beauty and delicacy but also their mysterious nature. Whereas the complexion of the mask on the left is yellowish, a sign of high birth, that on the right is terracotta, suggesting lower status. The hair decorations on one are four petal flowers, the other golden rondels.",-8.657398,115.218579,TP285.jpg
286,TP286,"Telek Luh (Apsarum, Apsara) ",1900,"Museum Bali, Denpasar",,"With a yellowish complexion, fine features, the perplexing and perhaps even haunting expression, along with an unusual golden diadem featuring upward radiating sunbeams, suggest that this mask represents a specific, now forgotten character of high standing. This mask is one of the few examples of the work of I Gusti Made Gede the master sculptor and mask maker of Puri Gerenceng. Interestingly the outer rings of the eyes are red and cornea brown not black. She also has two small beauty marks one between her eyebrows, a second on the left cheek.",-8.657398,115.218579,TP286.jpg
287,TP287,"Telek Luh (Apsarum, Apsara) ",1900,"Museum Bali, Denpasar",,"Despite the wear, caused by frequent use, this mask, with its ghostly white complexion and otherworldly aura epitomizes the style of Telek masks of the pre-colonial era. Like all Telek, it is small, a characteristic also shared with archaic Javanese masks. With a ring of golden flowers wrapped around its crown and a thin gold line along its hairline, it has been attributed to I Gusti Putu Kandel of Puri Abasan Palace, which along with Puri Gerenceng. was a center of traditional arts and art school serving the mighty princes of Badung before they were defeated by the Dutch colonial troops in 1906.",-8.657398,115.218579,TP287.jpg
288,TP288,"Telek Luh (Apsarum, Apsara) ",1930,"Museum Bali, Denpasar",,"Among the many prewar Telek and Sandaran masks that have en-tered various museums and private collections before World War Two, there are quite a few that are, like these, largely unpainted, As the wooden faces are finely polished, there seems little doubt that this choice was intentional. There are several possible answers as to why. The most difficult to ascertain if it was traditional or the result of outside influence. Both masks, which are in the collection of the Bali Museum have been attributed to I Gusti Made Gede of Puri Gerenceng, Pemecutan, which was also a center of unpainted wood sculptures made for the tourist market since the late 1920s. While it is possible that Walter Spies, who was a friend of Gusti Made and also a frequent visitor to the palace may have recommended leav-ing them unpainted, the wear on them indicates they were used for dance not for sale as souvenirs.",-8.657398,115.218579,TP288.jpg
289,TP289,"Telek Luh (Apsarum, Apsara) ",1930,"Museum Bali, Denpasar",,"Among the many prewar Telek and Sandaran masks that have en-tered various museums and private collections before World War Two, there are quite a few that are, like these, largely unpainted, As the wooden faces are finely polished, there seems little doubt that this choice was intentional. There are several possible answers as to why. The most difficult to ascertain if it was traditional or the result of outside influence. Both masks, which are in the collection of the Bali Museum have been attributed to I Gusti Made Gede of Puri Gerenceng, Pemecutan, which was also a center of unpainted wood sculptures made for the tourist market since the late 1920s. While it is possible that Walter Spies, who was a friend of Gusti Made and also a frequent visitor to the palace may have recommended leav-ing them unpainted, the wear on them indicates they were used for dance not for sale as souvenirs.",-8.657398,115.218579,TP289.jpg
290,TP290,"Tugangga, The Son of Anoman",1930,"Museum Sonobudoyo, Yogyakarta",,"Triangga was, like his father Anoman, a white monkey of tremendous strength. Born unbeknownst to Anoman, Triangga was raised by Rawana, the sorcerer king. At the beginning of the war he kidnaps Rama and Sita to prove himself to his foster father. Anoman intervenes but before they come to blows, the sage Narada reveals the truth reuniting father and son, who joins the wanara army.",-7.802257,110.359438,TP290.jpg
291,TP291,Daughter of Wibisana ,1930,"Private Collection, France",,"Born a raksasa demon, Trijata is the daughter of Rawana's brother Wibisana, who allies himself with Rama after his brother the sorcerer and villain of the Ramayana Epic, refuses to follow his advice and return the kidnapped Sita to her husband Rama. While she is held captive in Alengka, Trijata becomes the guard, companion and confident of Sita, providing her with information about her husband, and preventing her from committing suicide during a moment of despair. After Rama's victory, she is rewarded by Rama for her kindness. In this, another masterpiece of Ida Pedanda Sidemen, we see another more forceful side of female beauty that mirrors Trijata's demon ancestry.",46.227638,2.213749,TP291.jpg
292,TP292,Malen,1940,"Museum Bali, Denpasar",,"Twalen is a mysterious figure. Immensely powerful, he rarely displays his might and rarely engages in brute force or showy open displays of magic, choosing instead to influence circumstances by more subtle means. He is aided in this by his exceptionally plain, if not ugly exterior, that often causes his foes to underestimate him at their own peril. While all of them share the same black complexions, jutting jaws, full lips with small noses, the one on the previous page has wild eyebrows. The mask was bought by the museum from Rolf Neuhaus, one of the two German brothers who opened an aquarium and the Toko Neuhaus art gallery on Sanur Beach in the 1930s. The image of Twalen on this page is notable for the very large urna plate, a symbol of status and spiritual power, worn over his third eye The mask displays Chinese features, in particular the long drooping white moustache that looks like the one worn by the Daoist priest Lao Tse. It is possible a reference to Chinese influence on the court and local economy. In contrast, the early jet black mask on the opposite page lacks all finery. Instead it exudes the same primal energy of 16th century Semar masks (vol. 1. pages 128, 129) in the Gadjah Mada set now in Puri Ageng Blahbatuh.",-8.657398,115.218579,TP292.jpg
293,TP293,Malen,1937,Collection of Netherlands Museum of World Culture,,"Twalen is a mysterious figure. Immensely powerful, he rarely displays his might and rarely engages in brute force or showy open displays of magic, choosing instead to influence circumstances by more subtle means. He is aided in this by his exceptionally plain, if not ugly exterior, that often causes his foes to underestimate him at their own peril. While all of them share the same black complexions, jutting jaws, full lips with small noses, the one on the previous page has wild eyebrows. The mask was bought by the museum from Rolf Neuhaus, one of the two German brothers who opened an aquarium and the Toko Neuhaus art gallery on Sanur Beach in the 1930s. The image of Twalen on this page is notable for the very large urna plate, a symbol of status and spiritual power, worn over his third eye The mask displays Chinese features, in particular the long drooping white moustache that looks like the one worn by the Daoist priest Lao Tse. It is possible a reference to Chinese influence on the court and local economy. In contrast, the early jet black mask on the opposite page lacks all finery. Instead it exudes the same primal energy of 16th century Semar masks (vol. 1. pages 128, 129) in the Gadjah Mada set now in Puri Ageng Blahbatuh.",52.1634567,4.482599,TP293.jpg
294,TP294,Semar ,1900,"Private Collection, Bali ",,"Twalen is a mysterious figure. Immensely powerful, he rarely displays his might and rarely engages in brute force or showy open displays of magic, choosing instead to influence circumstances by more subtle means. He is aided in this by his exceptionally plain, if not ugly exterior, that often causes his foes to underestimate him at their own peril. While all of them share the same black complexions, jutting jaws, full lips with small noses, the one on the previous page has wild eyebrows. The mask was bought by the museum from Rolf Neuhaus, one of the two German brothers who opened an aquarium and the Toko Neuhaus art gallery on Sanur Beach in the 1930s. The image of Twalen on this page is notable for the very large urna plate, a symbol of status and spiritual power, worn over his third eye The mask displays Chinese features, in particular the long drooping white moustache that looks like the one worn by the Daoist priest Lao Tse. It is possible a reference to Chinese influence on the court and local economy. In contrast, the early jet black mask on the opposite page lacks all finery. Instead it exudes the same primal energy of 16th century Semar masks (vol. 1. pages 128, 129) in the Gadjah Mada set now in Puri Ageng Blahbatuh.",-8.409518,115.188916,TP294.jpg
295,TP295,"Semar, Crowned Twalen",1920,"Private Collection, Switzerland",,"With an elaborate crown this unusual portrait of Twalen or Semar in royal jewelry, nonetheless displays the inner might and spiritual depth of this pivitol character. While it may have been part of a Wayang Wong troupe, there is no direct evidence of this. In any case the punakawan clowns appeared in many different dance and drama performances. Another unique feature is the hinged jaw, which like those of Barong masks, allowed the dancer to open and close them for dramatic purposes. It is also made speaking much easier an important task for the punakawan who explained the stories and translated high language into Low Balinese. The facial hair here has been inserted into holes to create the bristling effect of a real beard.",47.3769,8.5417,TP295.jpg
296,TP296,Advisor to the King ,1935,"Private Collection, Bali ",,"As many of the masks of North Bali, this colorful, unusual example is a product of a folkloric rather than courtly tradition. This is seen in the material in particular the use of yellow paint rather than the more prestigious and expensive gold leaf to depict his jewelry. The combination of primary colors emphasized by outlines, such as the saturated red around his eyes and white eyelids, and three arches of dots along his protruding animal-like snout and even white inner nostrils show great skill.",-8.409518,115.188916,TP296.jpg
297,TP297,Chief Advisor of Rama ,1930,"Museum Bali, Denpasar",,"This mask of Twalen is particularly impressive because of its generous use of gold leat (perada) and cinnabar, which stand out in great contrast to its jet-black skin. The sumptu ous use of expensive materials suggest that it was commissioned by the legendary Ger-man artist Walter Spies, who donated it to the museum. With thoughtful eyes, a small pug nose, full lips, a jutting chin and large ears with round earplugs, it is easy to sense the inherent power and wisdom of this quixotic character, who is believed to be an incamation of the high god Siwa. The mask is in the style of Banjar Dentiyis, one of the subdivisions of Batuan, a large village north of Sukawati, which was the capital of a powerful kingdom that ruled most of the area, including Singapadu, in the 17th century.",-8.657398,115.218579,TP297.jpg
298,TP298,Semar ,1930,"Museum Sonobudoyo, Yogyakarta",,"Wearing large golden rondels (subeng) in his earlobes and with a hint of a smile and his lips, this is one of the more flattering depictions of Delem, chief advisor to the villainous Rawana. Scorned for his pompous ignorance and vainglorious arrogance, time and time again Delem's whisperings to the monarch inevitably result in disaster. On the opposite page an amused grey faced Twalen with a wrinkled forehead and pug nose looks downwards as if he is studying some object. As all the Wayang Wong in the collection of Sonobudoyo Museum, these masks were original bought by the Java Instituut. While the chances are that they were made in Denpasar, the wealthy and cultivated capital of Badung, they also resemble the royal style of Klungkung not surprising because of the lively cultural exchange among traveling dance troupes and dancers whose fame began spreading beyond
the boundaries of the regencies of their birth.",-7.802257,110.359438,TP298.jpg
299,TP299,Wanara Monkey,1930,"Private Collection, France",,"This beautiful image captures the mischievous characters of members of the monkeys in Sugriwa's wanara army. Bright, resourceful and playful, like their king they were also easily distracted from the task on hand. Nonetheless they ultimately fulfilled their oaths to help recapture Sita, the kidnapped wife of Rama, from his arch-nemesis Rawana.",46.227638,2.213749,TP299.jpg
300,TP300,"Wibisana, Younger Brother of Rawana ",1930,"Private Collection, France",,"After his elder brother Rawana, the sorcerer-king of Alengka, kidnaps Princess Sita, Wibisana denounces his actions as cowardly and foolish and asks him to release the innocent wife of Rama. The enraged king banishes Wibisana, who allies himself with Prince Rama and the monkey army, intent on teaching his power-hungry brother a lesson in karmapala. Despite his demonic origins, the pure-hearted Wibisana takes on human form. Here he is shown as a handsome, noble prince with bright eyes, arching eyebrows, a well-formed nose, a dashing mustache and a slightly open red-lipped mouth displaying pearly teeth. A large golden fan-like ornament inlaid with a ruby rests between his eyes, and a row of golden flowers adorns his head. Although the mask is reportedly from Bualu Village, which is located at the neck that connects Bukit Peninsula with the rest of Bali, as the village and Bukit have strong ties with Denpasar it is most likely it was made there.",46.227638,2.213749,TP300.jpg
